"local_file","sha256","size","dir","matched_entry_ids","matched_entry_titles","match_method","confidence","recommended_action"
"laiguanxue/MOF-303小试放大预算和风险评估报告-2.0.docx","beb4004a9e49ed7c9428af6b0fde01487a756366415894bb30c416027fc141cd","114483","laiguanxue","97|98|99|303|304","MOF-303小试放大预算和风险评估报告-2.0|MOF-303小试放大预算和风险评估报告-2.0|MOF-303小试放大预算和风险评估报告-2.0|MOF-303小试放大预算和风险评估报告|MOF-303小试放大预算和风险评估报告","exact_title|source_summary","0.9","migrate_and_link"
"laiguanxue/MOF-303小试放大预算和风险评估报告-2.0.pdf","4a02ca5b2903160f2f8d4eb25085b467e80116daf8825d29b042538045ca9eeb","702570","laiguanxue","97|98|99|303|304","MOF-303小试放大预算和风险评估报告-2.0|MOF-303小试放大预算和风险评估报告-2.0|MOF-303小试放大预算和风险评估报告-2.0|MOF-303小试放大预算和风险评估报告|MOF-303小试放大预算和风险评估报告","exact_title|source_summary","0.9","migrate_and_link"
"laiguanxue/MOFs产品开发方案.pdf","75f94a86d3c875c940f9dad41effc60f10cbba1097c4caaf879a9221cb1457dc","2520661","laiguanxue","309","MOFs产品开发方案","exact_title","0.9","migrate_and_link"
"laiguanxue/MOFs材料机理2.pptx","2b0bf94085dc1897cf4280cf314fb4b1f2f53b894b0866d770dea193aa5313d9","3525431","laiguanxue","100","MOFs材料机理2","exact_title","0.9","migrate_and_link"
"laiguanxue/MOF水热合成-成本核算（2）.xlsx","860224291a293e5092a608bc8818334679ace77e972d819c405d90679342114e","20890","laiguanxue","308","MOF水热合成-成本核算（2）","exact_title","0.9","migrate_and_link"
"laiguanxue/大宗购买-泰坦报价.xlsx","72f408064d78d6ff2cf70e3465a7578f6cc90097a309030d44007959108e2b57","13659","laiguanxue","307","大宗购买-泰坦报价","exact_title","0.9","migrate_and_link"
"laiguanxue/早会-周会.pdf","15a479bc2a5b329b76fccda38b05bbfcdc5a859fcc3965d15e6418e783486c11","1792566","laiguanxue","315","早会-周会","exact_title","0.9","migrate_and_link"
"laiguanxue/材料组-实验采购记录与账本.xlsx","d5d25a92ed17b8b7c14ea0962aef3ae84eb1628abbd29158f0cb94418a56f4c5","6436941","laiguanxue","352","材料组-实验采购记录与账本","exact_title","0.9","migrate_and_link"
"laiguanxue/郑州环合-志特纪元260709(1).pdf","dd68841ccfcf061edaba10f951274c7cad0a448e8c4466d4228ccb26e3f14ada","1184440","laiguanxue","316","郑州环合生物医药有限公司销售合同","source_summary","0.9","migrate_and_link"
"reports/MOF-VOCs市场深度评估报告.pdf","a56b8b6366f28f178dadba0e91562271a41a4383bf0893e26a41eef0aa91eed5","62701028","reports","283","MOF-VOCs市场深度评估报告","exact_title","0.9","migrate_and_link"
"zaozhi/1-s2.0-S0009250925013971-main.pdf","b9907c679386c6b6287296c806459619ed1f67c134bcd572c248a2c92e7a93e9","9660582","zaozhi","101|144","Optimization of hydrothermal carbonization parameters of sugarcane residues for enhanced hydrochar fuel properties with ammonium adsorption assessment|Optimization of hydrothermal carbonization parameters of sugarcane residues for enhanced hydrochar fuel properties with ammonium adsorption assessment","metadata_in_db","0.9","migrate_and_link"
"zaozhi/1-s2.0-S0141813025001230-main.pdf","e6de1616570d83e8c9b1a58fec4da4112ab63cac427d62bf38e0deb61663db01","8135523","zaozhi","102|145","Extraction of high-purity lignin from the kraft pulping black liquor by enzyme purification process with alkaline-resistant xylanase and cellulase|Extraction of high-purity lignin from the kraft pulping black liquor by enzyme purification process with alkaline-resistant xylanase and cellulase","metadata_in_db","0.9","migrate_and_link"
"zaozhi/1-s2.0-S0141813025086374-main.pdf","c4f3b5c47df4b8cd349a0d21fd11be3e20c1a3aa2de0e15e59c959026fe8e50c","9503684","zaozhi","103|146","Evaluation of lignin and cellulose nanoparticles from bacterial-deconstructed sugarcane bagasse for effective quercetin delivery|Evaluation of lignin and cellulose nanoparticles from bacterial-deconstructed sugarcane bagasse for effective quercetin delivery","metadata_in_db","0.9","migrate_and_link"
"zaozhi/1-s2.0-S0926669025015614-main.pdf","e689b343d5b54d68e3f52568d885e4c848a4e259792240b894a4e1394b65883b","3512104","zaozhi","104|147","Sustainable and efficient valorization of sugarcane bagasse: Integrated conversion of holocellulose into acetone, butanol, and ethanol|Sustainable and efficient valorization of sugarcane bagasse: Integrated conversion of holocellulose into acetone, butanol, and ethanol","metadata_in_db","0.9","migrate_and_link"
"zaozhi/1-s2.0-S0957582024001381-main.pdf","5a9c9c38bafa37b0b277c1807d636f9506ef99962ee03b9c7f7eb194dc54353d","3346351","zaozhi","105|148","Development and characterization of gelatinized starch doped microcellulose paper from tender coconut ( Cocos nucifera L) husk|Development and characterization of gelatinized starch doped microcellulose paper from tender coconut ( Cocos nucifera L) husk","metadata_in_db","0.9","migrate_and_link"
"zaozhi/1-s2.0-S0959652625013630-main.pdf","3113b471f3e51066d4a02dbfd3d08abf7074113c58c9dd96e96deb2d6f6e3231","3552333","zaozhi","106|149","Global optimization of multiply enzyme synergic treatment in the pulp and paper industry through machine learning methodology|Global optimization of multiply enzyme synergic treatment in the pulp and paper industry through machine learning methodology","metadata_in_db","0.9","migrate_and_link"
"zaozhi/1-s2.0-S0961953425002089-main.pdf","6293cadd16086dfe903d5aaa37c4efe66eeda6a5e20d2d9921041ba1fd19ea10","3238441","zaozhi","107|150","Valorization of agave bagasse as a bio-template for circular economy: Applications in energy conversion, metabolite production, and sustainable material synthesis|Valorization of agave bagasse as a bio-template for circular economy: Applications in energy conversion, metabolite production, and sustainable material synthesis","metadata_in_db","0.9","migrate_and_link"
"zaozhi/1-s2.0-S0961953425005720-main.pdf","42becbd52423664a8b343e5874968a69fc6014cca1093b6a3728817cb7acd9fe","10042230","zaozhi","108|151","Fermentation of sugarcane bagasse for production of value-added phenolic compounds using potential bacterial strains: A comparative analysis|Fermentation of sugarcane bagasse for production of value-added phenolic compounds using potential bacterial strains: A comparative analysis","metadata_in_db","0.9","migrate_and_link"
"zaozhi/1-s2.0-S0961953425006968-main.pdf","ee7f0b72c118b133c606ffc6f25bc99a80a139c87201b06c9f0277ba407f5b38","2493498","zaozhi","109|152","Integrated assessment of bio-oil catalytic hydrocracking for diesel and gasoline production in the sugarcane industry|Integrated assessment of bio-oil catalytic hydrocracking for diesel and gasoline production in the sugarcane industry","metadata_in_db","0.9","migrate_and_link"
"zaozhi/1-s2.0-S0961953425008979-main.pdf","17f6a2b03e3f8cf998a9edb496622d70220d5b594b31770fda913634ded4671e","4065253","zaozhi","110|153","Maximizing wheat straw utilization: An integrated, near-zero-waste sequential biorefining approach|Maximizing wheat straw utilization: An integrated, near-zero-waste sequential biorefining approach","metadata_in_db","0.9","migrate_and_link"
"zaozhi/1-s2.0-S1369703X25000646-main.pdf","601f86ef854cf5c0160d29fed33ae3bb56dd386296aefdb0d4f6aad6110410f5","7821075","zaozhi","111|154","Simultaneous enzymatic hydrolysis and bioconversion of deacetylated and disk refined sugarcane bagasse to single-cell protein: An experimental investigation and techno-economic analysis|Simultaneous enzymatic hydrolysis and bioconversion of deacetylated and disk refined sugarcane bagasse to single-cell protein: An experimental investigation and techno-economic analysis","metadata_in_db","0.9","migrate_and_link"
"zaozhi/1-s2.0-S1385894725049903-main.pdf","f8584c0aee2eac5600205588ae7acdecf2fc3ae2a61ff50e2677b3c932cdd2b2","13708718","zaozhi","112|155","Exploring exopolysaccharide production from sugarcane bagasse: Mechanisms and processes involving Leuconostoc mesenteroides|Exploring exopolysaccharide production from sugarcane bagasse: Mechanisms and processes involving Leuconostoc mesenteroides","metadata_in_db","0.9","migrate_and_link"
"zaozhi/1-s2.0-S2351978919303488-main.pdf","06dc8e262b704e93ab30913540907eb3ef93012539083aa434c8f66df6be3d4e","1217887","zaozhi","113|156","Costing models for capacity optimization in Industry 4.0: Trade-off between used capacity and operational efficiency|Costing models for capacity optimization in Industry 4.0: Trade-off between used capacity and operational efficiency","metadata_in_db","0.9","migrate_and_link"
"zaozhi/1-s2.0-S2589014X25002361-main.pdf","9a1294bb262e1d7ae1667c416bf6fe7a94cfbf6e55c4456a8d1fc50cdc245f80","3654329","zaozhi","114|157","Agro-industrial waste valorization through solid-state fermentation by Lentinula edodes for high-protein and β-glucans flour development for human diet: Chemical characterization, drying kinetics evaluation, and bioaccessibility|Agro-industrial waste valorization through solid-state fermentation by Lentinula edodes for high-protein and β-glucans flour development for human diet: Chemical characterization, drying kinetics evaluation, and bioaccessibility","metadata_in_db","0.9","migrate_and_link"
"zaozhi/1-s2.0-S2589014X25003044-main.pdf","236f12850c3f4970beb6c07ec7e2c8626601dfce7c4acf5657d1b6ca4b2013b3","4939637","zaozhi","115|158","Techno-economic evaluation of multiple product scenarios from pineapple leaf waste in integrated biorefinery|Techno-economic evaluation of multiple product scenarios from pineapple leaf waste in integrated biorefinery","metadata_in_db","0.9","migrate_and_link"
"zaozhi/1-s2.0-S2590123025012368-main.pdf","c7a9c909641d6fa2cefdc3cbae072d96dae927e7cf072f0437eab7423893fc50","4788947","zaozhi","116|159","Sustainable lactic acid production: Optimization yield from sugarcane and beet molasses through fermentation|Sustainable lactic acid production: Optimization yield from sugarcane and beet molasses through fermentation","metadata_in_db","0.9","migrate_and_link"
"zaozhi/1-s2.0-S266615432300056X-main.pdf","27bed670d838f43bcecdb2dfe0b9c57a838bc13e097e09a5077aa4080c200c0b","2737558","zaozhi","117|160","Advances in safe processing of sugarcane and bagasse for the generation of biofuels and bioactive compounds|Advances in safe processing of sugarcane and bagasse for the generation of biofuels and bioactive compounds","metadata_in_db","0.9","migrate_and_link"
"zaozhi/2025-12-12甘蔗渣生物炼制与高值化利用场景验证平台.docx","391804c4beaeb223bcc58c058c11a020059ceff6a6344f76a219dba74d26fc56","2441581","zaozhi","118|161|119|162","2025-12-12甘蔗渣生物炼制与高值化利用场景验证平台|2025-12-12甘蔗渣生物炼制与高值化利用场景验证平台|2025-12-15甘蔗渣生物炼制与高值化利用场景验证平台|2025-12-15甘蔗渣生物炼制与高值化利用场景验证平台","exact_title|fuzzy_title","0.9","migrate_and_link"
"zaozhi/2025-12-15甘蔗渣生物炼制与高值化利用场景验证平台.docx","67d9d876bcdb19ccd2829233bbd8d2018594022e8d82da8b5a83913cd6925d31","30957","zaozhi","119|162|118|161","2025-12-15甘蔗渣生物炼制与高值化利用场景验证平台|2025-12-15甘蔗渣生物炼制与高值化利用场景验证平台|2025-12-12甘蔗渣生物炼制与高值化利用场景验证平台|2025-12-12甘蔗渣生物炼制与高值化利用场景验证平台","exact_title|fuzzy_title","0.9","migrate_and_link"
"zaozhi/2025-Transparent wood.pdf","b46ee9646529da6e842de1293870cba7aaf87e57d655a477ba0790c31a6ccff7","1802377","zaozhi","328|120|163","Transparent Wood Fabrication and Applications: A Review|Transparent Wood Fabrication and Applications: A Review|Transparent Wood Fabrication and Applications: A Review","source_file_variant|metadata_in_db","0.9","migrate_and_link"
"zaozhi/2025-enzyme-food.pdf","a8135a268a5ac6926aa506a61c7e2aeffdd4fafe33c3284bde6c433fe204b398","1188613","zaozhi","368|121|164","Enzyme Technology in the Food Industry: Molecular Mechanisms, Applications, and Sustainable Innovations|Enzyme Technology in the Food Industry: Molecular Mechanisms, Applications, and Sustainable Innovations|Enzyme Technology in the Food Industry: Molecular Mechanisms, Applications, and Sustainable Innovations","source_file_variant|metadata_in_db","0.9","migrate_and_link"
"zaozhi/2025-ligini.pdf","e714df1077642bb45cd7b5857d144775073b7b2e6ea1a60e1bbd07499ebebeed","11172947","zaozhi","325|122|165","From black to green - A critical review of thermochemical valorization of black liquor|From black to green - A critical review of thermochemical valorization of black liquor|From black to green - A critical review of thermochemical valorization of black liquor","source_file_variant|metadata_in_db","0.9","migrate_and_link"
"zaozhi/2025-lignin-oiland water separate.pdf","b2658810f18e7f72781e178c476c1d8a4c62b4bb7a9f8e43edf9150bd665752c","5582740","zaozhi","326|123|166","A mini-review on lignin isolation and modification based on sorbent materials with porous nature as demulsifier for oil/water separations|A mini-review on lignin isolation and modification based on sorbent materials with porous nature as demulsifier for oil/water separations|A mini-review on lignin isolation and modification based on sorbent materials with porous nature as demulsifier for oil/water separations","source_file_variant|metadata_in_db","0.9","migrate_and_link"
"zaozhi/2025-lignin2.pdf","3afa61e17a71a9773eb2845e43f777ece7f29a2f9a304921c5087563268f110b","1886483","zaozhi","327|124|167","Recent advances in generation of bioproducts from lignin: a comprehensive review|Recent advances in generation of bioproducts from lignin: a comprehensive review|Recent advances in generation of bioproducts from lignin: a comprehensive review","source_file_variant|metadata_in_db","0.9","migrate_and_link"
"zaozhi/2025.07.21.665674v1.full.pdf","f49950c6e59f20b2bc3f11baf1ddace64f96071e0a10da06daba6a2b1dbe7efb","8529868","zaozhi","125|168","AlphaGEM Enables Precise Genome-Scale Metabolic Modelling by Integrating Protein Structure Alignment with deep-learning-based Dark Metabolism Mining|AlphaGEM Enables Precise Genome-Scale Metabolic Modelling by Integrating Protein Structure Alignment with deep-learning-based Dark Metabolism Mining","metadata_in_db","0.9","migrate_and_link"
"zaozhi/2025_ Orange peel composition-mono.pdf","5e8b88486056d9b9e346c4d19af24b754a63f32994baf644259ca6d75bd862b8","3855751","zaozhi","332|126|127|169|170","橙皮成分、生物聚合物提取及其在造纸与包装领域的应用：综述|橙皮成分、生物聚合物提取及其在造纸与包装领域的应用：综述|橙皮成分、生物聚合物提取及其在造纸与包装领域的应用：综述|橙皮成分、生物聚合物提取及其在造纸与包装领域的应用：综述|橙皮成分、生物聚合物提取及其在造纸与包装领域的应用：综述","source_file_variant|metadata_in_db","0.9","migrate_and_link"
"zaozhi/2025_ Orange peel composition.pdf","0c46ed980d574d19a40548039b7843010ddc07c19c405220feb8204c1089e7db","3913329","zaozhi","332|127|170","橙皮成分、生物聚合物提取及其在造纸与包装领域的应用：综述|橙皮成分、生物聚合物提取及其在造纸与包装领域的应用：综述|橙皮成分、生物聚合物提取及其在造纸与包装领域的应用：综述","source_file_variant|metadata_in_db","0.9","migrate_and_link"
"zaozhi/2025_Chimeric enzymes.pdf","e1334ff995a8f02a58c0d9005228b7c0c34b830c59199889930a2123976e70f4","4841159","zaozhi","333|128|171|241","Chimeric enzymes in the pulp and paper making industry: Current developments|Chimeric enzymes in the pulp and paper making industry: Current developments|Chimeric enzymes in the pulp and paper making industry: Current developments|Chimeric enzymes in the pulp and paper making industry: Current developments","source_file_variant|metadata_in_db|pdf_title","0.9","migrate_and_link"
"zaozhi/2025_Decarbonization pathways.pdf","f66ae4ea33b529ce965a6ff0a41c27959323a2ab7972bae3355d6d8cbd0f0567","8665739","zaozhi","369|129|172","Decarbonization pathways for the pulp and paper industry: A comprehensive review|Decarbonization pathways for the pulp and paper industry: A comprehensive review|Decarbonization pathways for the pulp and paper industry: A comprehensive review","source_file_variant|metadata_in_db","0.9","migrate_and_link"
"zaozhi/2025_food pakageing.pdf","4779eb86cbcbc58fe3f46dd6a21b8f8b43604e446225a4e1fca1382a74f685d0","854654","zaozhi","319|370","Advances in Nanocellulose-Based Composites for Sustainable Food Packaging|Advances in Nanocellulose-Based Composites for Sustainable Food Packaging","source_summary|source_file_variant","0.9","migrate_and_link_reuse_object"
"zaozhi/2025_geotechnical.pdf","7d37b78c876f6610c99fbff1b2b93c382e3df85a192abca4a8c182488eeb7cea","993642","zaozhi","320|371","Impact of Nano-Silica, Cationic Polyacrylamide, and Cationic Starch on Long Fiber Utilization in Recycled Paper Production|Impact of Nano-Silica, Cationic Polyacrylamide, and Cationic Starch on Long Fiber Utilization in Recycled Paper Production","source_summary|source_file_variant","0.9","migrate_and_link_reuse_object"
"zaozhi/2025_lignocellulosic biomass.pdf","f6fe08e4c12181b135cba729a6ab8a923782e96844d8d6c1e473f535b0dafcec","5128570","zaozhi","372|130|173","Preparation and applications of nanoparticles from lignocellulosic biomass: A review|Preparation and applications of nanoparticles from lignocellulosic biomass: A review|Preparation and applications of nanoparticles from lignocellulosic biomass: A review","source_file_variant|metadata_in_db","0.9","migrate_and_link"
"zaozhi/2025_microalgae biodiesel.pdf","7d85e48ee6dfa0dd0600b8395f3ff4dd5f51f67deb8864a78400036fed3f0549","8828918","zaozhi","131|174","Impact of oxyhydrogen-enriched, nano-doped microalgae biodiesel on diesel engine performance, emissions, and thermo-exergetic sustainability|Impact of oxyhydrogen-enriched, nano-doped microalgae biodiesel on diesel engine performance, emissions, and thermo-exergetic sustainability","metadata_in_db","0.9","migrate_and_link"
"zaozhi/2025_waste.pdf","02a3c68225f0955ab27007a920041e73de8626d05b3efd1522e9e0d2d53c7c80","1017249","zaozhi","132|175","Use of industrial pulp and paper waste as agricultural inputs: A systematic literature review|Use of industrial pulp and paper waste as agricultural inputs: A systematic literature review","metadata_in_db","0.9","migrate_and_link"
"zaozhi/2026_Decarbonization pathways.pdf","8c1be8232f6918fa10344b5a9cc1afdc957f152a2f3c596a40e81baa5979e082","693982","zaozhi","321","Green Synthesis of Zinc Oxide Nanoparticles using Brown Algae on Oil Palm Empty Fruit Bunch Pulp and Paper Substrates: Effect of pH 6 to 8","source_summary","0.9","migrate_and_link_reuse_object"
"zaozhi/BC.pdf","1b0b8865d0fb5ff652d81ca9430d664febcd0d81ae69ac5335d9055ce1d4bf1e","1031064","zaozhi","133|176","高效低能耗发酵生产细菌纤维素技术|高效低能耗发酵生产细菌纤维素技术","metadata_in_db","0.9","migrate_and_link"
"zaozhi/CN201410834523.6_一种2,5-呋喃二甲酸的制备方法.pdf","1dfad895eb663c6ebe5f2c15ea4e12c7b560645d4e960866514ae87907c9869e","1080667","zaozhi","134|177|136|179|190|355|135|142|178|185|187|188|191|193|205|206|207|209|210|213|215|351|353","CN201410834523.6_一种2,5-呋喃二甲酸的制备方法|CN201410834523.6_一种2,5-呋喃二甲酸的制备方法|CN201410834559.4_一种2,5-呋喃二甲醛的制备方法|CN201410834559.4_一种2,5-呋喃二甲醛的制备方法|CN201710079914.5_一种2,5‑呋喃二甲醛的制备方法|PCTCN2025079285_一种呋喃二甲酸的制备方法及装置|CN201410834527.4_一种催化体系可循环使用的2,5-呋喃二甲醛的制备方法|CN201610326841.0_一种由糖制备5-羟甲基糠醛的方法|CN201410834527.4_一种催化体系可循环使用的2,5-呋喃二甲醛的制备方法|CN201610326841.0_一种由糖制备5-羟甲基糠醛的方法|CN201611116066.2_一种γ‑己内酯的制备方法|CN201611131088.6_一种由γ‑戊内酯制备戊酸及戊酸酯的方法|CN201710389333.1_一种噻唑‑4‑甲酸的制备方法|CN201710768965.9_一种正癸酸的制备方法|CN202210424424.5_一种由5-羟甲基糠醛制备2,5-呋喃二甲酸的生产方法|CN202210493713.0_一种高纯度5-羟甲基糠醛的制备方法|CN202210877671.0_一种无金属催化果糖一锅法制备呋喃二甲酸的方法|CN202211414220.X_一种5-羟甲基糠醛的制备方法|CN202311420375.9_一种5-羟甲基糠醛的制备方法|CN202410455919.3_一种2,5-呋喃二甲酸颗粒及其制备方法和应用|CN202510726786.3_一种呋喃二甲酸的合成方法|CN201610046821.8_一种选择性制备1-羟基-2,5-己二酮及2,5-呋喃二甲醇的方法|CN201710768995.X_一种1,10-癸二酸的制备方法","exact_title|fuzzy_title|fuzzy_title_low","0.9","migrate_and_link"
"zaozhi/CN201410834527.4_一种催化体系可循环使用的2,5-呋喃二甲醛的制备方法.pdf","d431b772e3d402d8b3aa22c10e0160a0610f26c2a222a67e1ce79851f5892708","1173283","zaozhi","135|178|134|136|177|179|190|205|207|212|213|351|355","CN201410834527.4_一种催化体系可循环使用的2,5-呋喃二甲醛的制备方法|CN201410834527.4_一种催化体系可循环使用的2,5-呋喃二甲醛的制备方法|CN201410834523.6_一种2,5-呋喃二甲酸的制备方法|CN201410834559.4_一种2,5-呋喃二甲醛的制备方法|CN201410834523.6_一种2,5-呋喃二甲酸的制备方法|CN201410834559.4_一种2,5-呋喃二甲醛的制备方法|CN201710079914.5_一种2,5‑呋喃二甲醛的制备方法|CN202210424424.5_一种由5-羟甲基糠醛制备2,5-呋喃二甲酸的生产方法|CN202210877671.0_一种无金属催化果糖一锅法制备呋喃二甲酸的方法|CN202410337429.3_催化5-羟甲基糠醛合成2,5-二羟甲基四氢呋喃的方法|CN202410455919.3_一种2,5-呋喃二甲酸颗粒及其制备方法和应用|CN201610046821.8_一种选择性制备1-羟基-2,5-己二酮及2,5-呋喃二甲醇的方法|PCTCN2025079285_一种呋喃二甲酸的制备方法及装置","exact_title|fuzzy_title_low","0.9","migrate_and_link"
"zaozhi/CN201410834559.4_一种2,5-呋喃二甲醛的制备方法.pdf","286d33129ceca7a325c7f085d8afca9f48189b60f373ea2613c070a20446c434","1038815","zaozhi","136|179|134|177|190|135|142|178|185|187|191|205|206|207|209|210|212|213|215|351|353|355","CN201410834559.4_一种2,5-呋喃二甲醛的制备方法|CN201410834559.4_一种2,5-呋喃二甲醛的制备方法|CN201410834523.6_一种2,5-呋喃二甲酸的制备方法|CN201410834523.6_一种2,5-呋喃二甲酸的制备方法|CN201710079914.5_一种2,5‑呋喃二甲醛的制备方法|CN201410834527.4_一种催化体系可循环使用的2,5-呋喃二甲醛的制备方法|CN201610326841.0_一种由糖制备5-羟甲基糠醛的方法|CN201410834527.4_一种催化体系可循环使用的2,5-呋喃二甲醛的制备方法|CN201610326841.0_一种由糖制备5-羟甲基糠醛的方法|CN201611116066.2_一种γ‑己内酯的制备方法|CN201710389333.1_一种噻唑‑4‑甲酸的制备方法|CN202210424424.5_一种由5-羟甲基糠醛制备2,5-呋喃二甲酸的生产方法|CN202210493713.0_一种高纯度5-羟甲基糠醛的制备方法|CN202210877671.0_一种无金属催化果糖一锅法制备呋喃二甲酸的方法|CN202211414220.X_一种5-羟甲基糠醛的制备方法|CN202311420375.9_一种5-羟甲基糠醛的制备方法|CN202410337429.3_催化5-羟甲基糠醛合成2,5-二羟甲基四氢呋喃的方法|CN202410455919.3_一种2,5-呋喃二甲酸颗粒及其制备方法和应用|CN202510726786.3_一种呋喃二甲酸的合成方法|CN201610046821.8_一种选择性制备1-羟基-2,5-己二酮及2,5-呋喃二甲醇的方法|CN201710768995.X_一种1,10-癸二酸的制备方法|PCTCN2025079285_一种呋喃二甲酸的制备方法及装置","exact_title|fuzzy_title|fuzzy_title_low","0.9","migrate_and_link"
"zaozhi/CN201510616697.X_一种由生物质衍生物5-HMF或糠醛制备长链烷烃的方法.pdf","81d43173cca4f954d071cb62211556125846ae0613fd1d5e6e3c4b058b8d817c","1442755","zaozhi","137|180|142|185|205|209|210","CN201510616697.X_一种由生物质衍生物5-HMF或糠醛制备长链烷烃的方法|CN201510616697.X_一种由生物质衍生物5-HMF或糠醛制备长链烷烃的方法|CN201610326841.0_一种由糖制备5-羟甲基糠醛的方法|CN201610326841.0_一种由糖制备5-羟甲基糠醛的方法|CN202210424424.5_一种由5-羟甲基糠醛制备2,5-呋喃二甲酸的生产方法|CN202211414220.X_一种5-羟甲基糠醛的制备方法|CN202311420375.9_一种5-羟甲基糠醛的制备方法","exact_title|fuzzy_title_low","0.9","migrate_and_link"
"zaozhi/CN201610040983.0_合成奈妥吡坦中间体杂质2-(3,5-双三氟甲基苯基)丙酸的方法.pdf","2519980b26d49d078bb5baf9cb8c2c4930ab2bbf936b5059f190f88d6400ac34","396304","zaozhi","138|181|141|184|139|182","CN201610040983.0_合成奈妥吡坦中间体杂质2-(3,5-双三氟甲基苯基)丙酸的方法|CN201610040983.0_合成奈妥吡坦中间体杂质2-(3,5-双三氟甲基苯基)丙酸的方法|CN201610101682.4_一种奈妥吡坦中间体2-(3,5-双三氟甲基苯基)-2-甲基丙酸的合成方法|CN201610101682.4_一种奈妥吡坦中间体2-(3,5-双三氟甲基苯基)-2-甲基丙酸的合成方法|CN201610101663.1_一种奈妥吡坦中间体的合成方法|CN201610101663.1_一种奈妥吡坦中间体的合成方法","exact_title|fuzzy_title|fuzzy_title_low","0.9","migrate_and_link"
"zaozhi/CN201610046821.8_一种选择性制备1-羟基-2,5-己二酮及2,5-呋喃二甲醇的方法.pdf","a7167e79ee90e8c3e86ead9d89418a2f200b80f47a0e969c8d4adc7be2e7e0c0","992860","zaozhi","351|134|135|136|142|177|178|179|185|190|205|209|210|213|355","CN201610046821.8_一种选择性制备1-羟基-2,5-己二酮及2,5-呋喃二甲醇的方法|CN201410834523.6_一种2,5-呋喃二甲酸的制备方法|CN201410834527.4_一种催化体系可循环使用的2,5-呋喃二甲醛的制备方法|CN201410834559.4_一种2,5-呋喃二甲醛的制备方法|CN201610326841.0_一种由糖制备5-羟甲基糠醛的方法|CN201410834523.6_一种2,5-呋喃二甲酸的制备方法|CN201410834527.4_一种催化体系可循环使用的2,5-呋喃二甲醛的制备方法|CN201410834559.4_一种2,5-呋喃二甲醛的制备方法|CN201610326841.0_一种由糖制备5-羟甲基糠醛的方法|CN201710079914.5_一种2,5‑呋喃二甲醛的制备方法|CN202210424424.5_一种由5-羟甲基糠醛制备2,5-呋喃二甲酸的生产方法|CN202211414220.X_一种5-羟甲基糠醛的制备方法|CN202311420375.9_一种5-羟甲基糠醛的制备方法|CN202410455919.3_一种2,5-呋喃二甲酸颗粒及其制备方法和应用|PCTCN2025079285_一种呋喃二甲酸的制备方法及装置","exact_title|fuzzy_title_low","0.9","migrate_and_link_reuse_object"
"zaozhi/CN201610101663.1_一种奈妥吡坦中间体的合成方法.pdf","3d4dd2f4a02f441b37286c903e1e1692ef7ea9b8267af1f3da72809d7c63a360","552064","zaozhi","139|182|138|140|141|181|183|184|202|203","CN201610101663.1_一种奈妥吡坦中间体的合成方法|CN201610101663.1_一种奈妥吡坦中间体的合成方法|CN201610040983.0_合成奈妥吡坦中间体杂质2-(3,5-双三氟甲基苯基)丙酸的方法|CN201610101681.X_一种药物中间体的合成方法|CN201610101682.4_一种奈妥吡坦中间体2-(3,5-双三氟甲基苯基)-2-甲基丙酸的合成方法|CN201610040983.0_合成奈妥吡坦中间体杂质2-(3,5-双三氟甲基苯基)丙酸的方法|CN201610101681.X_一种药物中间体的合成方法|CN201610101682.4_一种奈妥吡坦中间体2-(3,5-双三氟甲基苯基)-2-甲基丙酸的合成方法|CN202111026582.7_一种酪氨酸激酶抑制剂关键中间体的合成方法|CN202111368937.0_一种吡咯吡啶激酶抑制剂关键中间体的合成方法","exact_title|fuzzy_title_low","0.9","migrate_and_link"
"zaozhi/CN201610101681.X_一种药物中间体的合成方法.pdf","7b0c132bb5fba298462de7251d6ef7af57e729a4f9b7f747738b392032f3458d","548774","zaozhi","140|183|139|182|202|203","CN201610101681.X_一种药物中间体的合成方法|CN201610101681.X_一种药物中间体的合成方法|CN201610101663.1_一种奈妥吡坦中间体的合成方法|CN201610101663.1_一种奈妥吡坦中间体的合成方法|CN202111026582.7_一种酪氨酸激酶抑制剂关键中间体的合成方法|CN202111368937.0_一种吡咯吡啶激酶抑制剂关键中间体的合成方法","exact_title|fuzzy_title_low","0.9","migrate_and_link"
"zaozhi/CN201610101682.4_一种奈妥吡坦中间体2-(3,5-双三氟甲基苯基)-2-甲基丙酸的合成方法.pdf","77b38b65d634fcfe41f50e2f6494f5ff0bb79a99215966b52d31dc74eddfbb3e","529759","zaozhi","141|184|138|181|139|182","CN201610101682.4_一种奈妥吡坦中间体2-(3,5-双三氟甲基苯基)-2-甲基丙酸的合成方法|CN201610101682.4_一种奈妥吡坦中间体2-(3,5-双三氟甲基苯基)-2-甲基丙酸的合成方法|CN201610040983.0_合成奈妥吡坦中间体杂质2-(3,5-双三氟甲基苯基)丙酸的方法|CN201610040983.0_合成奈妥吡坦中间体杂质2-(3,5-双三氟甲基苯基)丙酸的方法|CN201610101663.1_一种奈妥吡坦中间体的合成方法|CN201610101663.1_一种奈妥吡坦中间体的合成方法","exact_title|fuzzy_title|fuzzy_title_low","0.9","migrate_and_link"
"zaozhi/CN201610326841.0_一种由糖制备5-羟甲基糠醛的方法.pdf","026b03a9b7c91f8c1102e6a23ba1712e520b504378c5ecdeaa02a5623e073dd1","418581","zaozhi","142|185|206|209|210|216|134|136|137|177|179|180|189|190|197|205|211|351|367","CN201610326841.0_一种由糖制备5-羟甲基糠醛的方法|CN201610326841.0_一种由糖制备5-羟甲基糠醛的方法|CN202210493713.0_一种高纯度5-羟甲基糠醛的制备方法|CN202211414220.X_一种5-羟甲基糠醛的制备方法|CN202311420375.9_一种5-羟甲基糠醛的制备方法|CN202511322703.0_一种5-羟甲基糠醛的纯化方法|CN201410834523.6_一种2,5-呋喃二甲酸的制备方法|CN201410834559.4_一种2,5-呋喃二甲醛的制备方法|CN201510616697.X_一种由生物质衍生物5-HMF或糠醛制备长链烷烃的方法|CN201410834523.6_一种2,5-呋喃二甲酸的制备方法|CN201410834559.4_一种2,5-呋喃二甲醛的制备方法|CN201510616697.X_一种由生物质衍生物5-HMF或糠醛制备长链烷烃的方法|CN201611131667.0_一种由乙酰丙酸制备戊酸及戊酸酯的方法|CN201710079914.5_一种2,5‑呋喃二甲醛的制备方法|CN201910695504.2_一种对羟基苯海因的制备方法|CN202210424424.5_一种由5-羟甲基糠醛制备2,5-呋喃二甲酸的生产方法|CN202311732340.9_一种5-羟甲基糠醛的合成方法|CN201610046821.8_一种选择性制备1-羟基-2,5-己二酮及2,5-呋喃二甲醇的方法|CN201710451177.7_一种间羟基苯乙酮的制备方法","exact_title|fuzzy_title|fuzzy_title_low","0.9","migrate_and_link"
"zaozhi/CN201611079757.X_一种利用乙酰丙酸制备吡咯烷酮的方法.pdf","b845107f69b26cddba7e4bf86bb41ead90c06c9f0f55a920475c728922cd3647","523081","zaozhi","143|186|189|201|353|367","CN201611079757.X_一种利用乙酰丙酸制备吡咯烷酮的方法|CN201611079757.X_一种利用乙酰丙酸制备吡咯烷酮的方法|CN201611131667.0_一种由乙酰丙酸制备戊酸及戊酸酯的方法|CN202110448463.4_一种高手性纯度(S)-1-(2-氯乙酰基)吡咯烷-2-甲腈的制备方法|CN201710768995.X_一种1,10-癸二酸的制备方法|CN201710451177.7_一种间羟基苯乙酮的制备方法","exact_title|fuzzy_title_low","0.9","migrate_and_link"
"zaozhi/CN201611116066.2_一种γ‑己内酯的制备方法.pdf","37b8fd3ec776c2afdde78ead33b33c917ec9d84aa5cf0e1dd1fc726ba6ecf7d8","347981","zaozhi","187|134|136|177|179|188|189|190|191|192|193|197|209|210|353|354|367","CN201611116066.2_一种γ‑己内酯的制备方法|CN201410834523.6_一种2,5-呋喃二甲酸的制备方法|CN201410834559.4_一种2,5-呋喃二甲醛的制备方法|CN201410834523.6_一种2,5-呋喃二甲酸的制备方法|CN201410834559.4_一种2,5-呋喃二甲醛的制备方法|CN201611131088.6_一种由γ‑戊内酯制备戊酸及戊酸酯的方法|CN201611131667.0_一种由乙酰丙酸制备戊酸及戊酸酯的方法|CN201710079914.5_一种2,5‑呋喃二甲醛的制备方法|CN201710389333.1_一种噻唑‑4‑甲酸的制备方法|CN201710396195.X_一种美罗培南侧链中间体硫醇内酯的制备方法|CN201710768965.9_一种正癸酸的制备方法|CN201910695504.2_一种对羟基苯海因的制备方法|CN202211414220.X_一种5-羟甲基糠醛的制备方法|CN202311420375.9_一种5-羟甲基糠醛的制备方法|CN201710768995.X_一种1,10-癸二酸的制备方法|CN201810321005.2_一种正辛醇酯及其正辛醇的制备方法|CN201710451177.7_一种间羟基苯乙酮的制备方法","exact_title|fuzzy_title_low","0.9","migrate_and_link"
"zaozhi/CN201611131088.6_一种由γ‑戊内酯制备戊酸及戊酸酯的方法.pdf","45a46e1550c6e6afda6d556ecf8533a657af814e04e017f69c8b3038f62daac7","295860","zaozhi","188|189|134|177|187|191|193|194|353|354|355","CN201611131088.6_一种由γ‑戊内酯制备戊酸及戊酸酯的方法|CN201611131667.0_一种由乙酰丙酸制备戊酸及戊酸酯的方法|CN201410834523.6_一种2,5-呋喃二甲酸的制备方法|CN201410834523.6_一种2,5-呋喃二甲酸的制备方法|CN201611116066.2_一种γ‑己内酯的制备方法|CN201710389333.1_一种噻唑‑4‑甲酸的制备方法|CN201710768965.9_一种正癸酸的制备方法|CN201810320426.3_一种1,13-十三烷二醇酯及其1,13-十三烷二醇的制备方法|CN201710768995.X_一种1,10-癸二酸的制备方法|CN201810321005.2_一种正辛醇酯及其正辛醇的制备方法|PCTCN2025079285_一种呋喃二甲酸的制备方法及装置","exact_title|fuzzy_title|fuzzy_title_low","0.9","migrate_and_link"
"zaozhi/CN201611131667.0_一种由乙酰丙酸制备戊酸及戊酸酯的方法.pdf","c5bc5e9efe2206e90882c52e94d70e6a77af486dc1ba08c90a9279c60453cc5e","295236","zaozhi","189|188|142|143|185|186|187|193|354|355","CN201611131667.0_一种由乙酰丙酸制备戊酸及戊酸酯的方法|CN201611131088.6_一种由γ‑戊内酯制备戊酸及戊酸酯的方法|CN201610326841.0_一种由糖制备5-羟甲基糠醛的方法|CN201611079757.X_一种利用乙酰丙酸制备吡咯烷酮的方法|CN201610326841.0_一种由糖制备5-羟甲基糠醛的方法|CN201611079757.X_一种利用乙酰丙酸制备吡咯烷酮的方法|CN201611116066.2_一种γ‑己内酯的制备方法|CN201710768965.9_一种正癸酸的制备方法|CN201810321005.2_一种正辛醇酯及其正辛醇的制备方法|PCTCN2025079285_一种呋喃二甲酸的制备方法及装置","exact_title|fuzzy_title|fuzzy_title_low","0.9","migrate_and_link"
"zaozhi/CN201710079914.5_一种2,5‑呋喃二甲醛的制备方法.pdf","f4855cab4398ac32190ede3ca433ec395734111cc60a089c8f5b537c2c4e785c","302561","zaozhi","190|134|136|177|179|205|135|142|178|185|187|191|193|197|206|207|209|210|211|212|213|215|216|351|353|354|355","CN201710079914.5_一种2,5‑呋喃二甲醛的制备方法|CN201410834523.6_一种2,5-呋喃二甲酸的制备方法|CN201410834559.4_一种2,5-呋喃二甲醛的制备方法|CN201410834523.6_一种2,5-呋喃二甲酸的制备方法|CN201410834559.4_一种2,5-呋喃二甲醛的制备方法|CN202210424424.5_一种由5-羟甲基糠醛制备2,5-呋喃二甲酸的生产方法|CN201410834527.4_一种催化体系可循环使用的2,5-呋喃二甲醛的制备方法|CN201610326841.0_一种由糖制备5-羟甲基糠醛的方法|CN201410834527.4_一种催化体系可循环使用的2,5-呋喃二甲醛的制备方法|CN201610326841.0_一种由糖制备5-羟甲基糠醛的方法|CN201611116066.2_一种γ‑己内酯的制备方法|CN201710389333.1_一种噻唑‑4‑甲酸的制备方法|CN201710768965.9_一种正癸酸的制备方法|CN201910695504.2_一种对羟基苯海因的制备方法|CN202210493713.0_一种高纯度5-羟甲基糠醛的制备方法|CN202210877671.0_一种无金属催化果糖一锅法制备呋喃二甲酸的方法|CN202211414220.X_一种5-羟甲基糠醛的制备方法|CN202311420375.9_一种5-羟甲基糠醛的制备方法|CN202311732340.9_一种5-羟甲基糠醛的合成方法|CN202410337429.3_催化5-羟甲基糠醛合成2,5-二羟甲基四氢呋喃的方法|CN202410455919.3_一种2,5-呋喃二甲酸颗粒及其制备方法和应用|CN202510726786.3_一种呋喃二甲酸的合成方法|CN202511322703.0_一种5-羟甲基糠醛的纯化方法|CN201610046821.8_一种选择性制备1-羟基-2,5-己二酮及2,5-呋喃二甲醇的方法|CN201710768995.X_一种1,10-癸二酸的制备方法|CN201810321005.2_一种正辛醇酯及其正辛醇的制备方法|PCTCN2025079285_一种呋喃二甲酸的制备方法及装置","exact_title|fuzzy_title|fuzzy_title_low","0.9","migrate_and_link"
"zaozhi/CN201710389333.1_一种噻唑‑4‑甲酸的制备方法.pdf","bcb02c13d109234ae0ed211e0ba5ecddc89d82b39a1343a0b2738d2203f900a6","220130","zaozhi","191|134|136|177|179|187|188|190|193|209|210|353|355","CN201710389333.1_一种噻唑‑4‑甲酸的制备方法|CN201410834523.6_一种2,5-呋喃二甲酸的制备方法|CN201410834559.4_一种2,5-呋喃二甲醛的制备方法|CN201410834523.6_一种2,5-呋喃二甲酸的制备方法|CN201410834559.4_一种2,5-呋喃二甲醛的制备方法|CN201611116066.2_一种γ‑己内酯的制备方法|CN201611131088.6_一种由γ‑戊内酯制备戊酸及戊酸酯的方法|CN201710079914.5_一种2,5‑呋喃二甲醛的制备方法|CN201710768965.9_一种正癸酸的制备方法|CN202211414220.X_一种5-羟甲基糠醛的制备方法|CN202311420375.9_一种5-羟甲基糠醛的制备方法|CN201710768995.X_一种1,10-癸二酸的制备方法|PCTCN2025079285_一种呋喃二甲酸的制备方法及装置","exact_title|fuzzy_title_low","0.9","migrate_and_link"
"zaozhi/CN201710396195.X_一种美罗培南侧链中间体硫醇内酯的制备方法.pdf","51f0e87e3cf2c91423bcb0a48f941e4f095c7d2442e12935be0fcd6bdfa87fa4","405013","zaozhi","192|187","CN201710396195.X_一种美罗培南侧链中间体硫醇内酯的制备方法|CN201611116066.2_一种γ‑己内酯的制备方法","exact_title|fuzzy_title_low","0.9","migrate_and_link"
"zaozhi/CN201710451177.7_一种间羟基苯乙酮的制备方法.pdf","8283f07ee8eaab917a59dcebb3d02ac45c2cf607e4b192476b57ae866cb79e6f","163840","zaozhi","367|142|143|185|186|187|193|197|206|209|210","CN201710451177.7_一种间羟基苯乙酮的制备方法|CN201610326841.0_一种由糖制备5-羟甲基糠醛的方法|CN201611079757.X_一种利用乙酰丙酸制备吡咯烷酮的方法|CN201610326841.0_一种由糖制备5-羟甲基糠醛的方法|CN201611079757.X_一种利用乙酰丙酸制备吡咯烷酮的方法|CN201611116066.2_一种γ‑己内酯的制备方法|CN201710768965.9_一种正癸酸的制备方法|CN201910695504.2_一种对羟基苯海因的制备方法|CN202210493713.0_一种高纯度5-羟甲基糠醛的制备方法|CN202211414220.X_一种5-羟甲基糠醛的制备方法|CN202311420375.9_一种5-羟甲基糠醛的制备方法","exact_title|fuzzy_title_low","0.9","migrate_and_link_reuse_object"
"zaozhi/CN201710768965.9_一种正癸酸的制备方法.pdf","06f88640713a559f14e8ac572f02e41637f2f750441e3822ed88808a4835cf13","674278","zaozhi","193|134|177|187|188|189|190|191|197|209|210|353|354|355|367","CN201710768965.9_一种正癸酸的制备方法|CN201410834523.6_一种2,5-呋喃二甲酸的制备方法|CN201410834523.6_一种2,5-呋喃二甲酸的制备方法|CN201611116066.2_一种γ‑己内酯的制备方法|CN201611131088.6_一种由γ‑戊内酯制备戊酸及戊酸酯的方法|CN201611131667.0_一种由乙酰丙酸制备戊酸及戊酸酯的方法|CN201710079914.5_一种2,5‑呋喃二甲醛的制备方法|CN201710389333.1_一种噻唑‑4‑甲酸的制备方法|CN201910695504.2_一种对羟基苯海因的制备方法|CN202211414220.X_一种5-羟甲基糠醛的制备方法|CN202311420375.9_一种5-羟甲基糠醛的制备方法|CN201710768995.X_一种1,10-癸二酸的制备方法|CN201810321005.2_一种正辛醇酯及其正辛醇的制备方法|PCTCN2025079285_一种呋喃二甲酸的制备方法及装置|CN201710451177.7_一种间羟基苯乙酮的制备方法","exact_title|fuzzy_title_low","0.9","migrate_and_link"
"zaozhi/CN201710768995.X_一种1,10‑癸二酸的制备方法.pdf","5e3a1d10f15e80dd7d577e3020345fd74359b8e96548118292396db2df1f4c8a","725474","zaozhi","353|134|136|143|177|179|186|187|188|190|191|193|194|209|355","CN201710768995.X_一种1,10-癸二酸的制备方法|CN201410834523.6_一种2,5-呋喃二甲酸的制备方法|CN201410834559.4_一种2,5-呋喃二甲醛的制备方法|CN201611079757.X_一种利用乙酰丙酸制备吡咯烷酮的方法|CN201410834523.6_一种2,5-呋喃二甲酸的制备方法|CN201410834559.4_一种2,5-呋喃二甲醛的制备方法|CN201611079757.X_一种利用乙酰丙酸制备吡咯烷酮的方法|CN201611116066.2_一种γ‑己内酯的制备方法|CN201611131088.6_一种由γ‑戊内酯制备戊酸及戊酸酯的方法|CN201710079914.5_一种2,5‑呋喃二甲醛的制备方法|CN201710389333.1_一种噻唑‑4‑甲酸的制备方法|CN201710768965.9_一种正癸酸的制备方法|CN201810320426.3_一种1,13-十三烷二醇酯及其1,13-十三烷二醇的制备方法|CN202211414220.X_一种5-羟甲基糠醛的制备方法|PCTCN2025079285_一种呋喃二甲酸的制备方法及装置","normalized_title|fuzzy_title_low","0.9","migrate_and_link_reuse_object"
"zaozhi/CN201810320426.3_一种1,13-十三烷二醇酯及其1,13-十三烷二醇的制备方法.pdf","fb3747b3472cc67f0b9a5417ddafc8db552b864969dd30f311ce08388dce8378","499109","zaozhi","194|188|353|354","CN201810320426.3_一种1,13-十三烷二醇酯及其1,13-十三烷二醇的制备方法|CN201611131088.6_一种由γ‑戊内酯制备戊酸及戊酸酯的方法|CN201710768995.X_一种1,10-癸二酸的制备方法|CN201810321005.2_一种正辛醇酯及其正辛醇的制备方法","exact_title|fuzzy_title_low","0.9","migrate_and_link"
"zaozhi/CN201810321005.2_一种正辛醇酯及其正辛醇的制备方法.pdf","4a4675b64288a502562701d5cfe33e25d28b2ab13d3bf833c865c37dd5db1811","507351","zaozhi","354|187|188|189|190|193|194|197","CN201810321005.2_一种正辛醇酯及其正辛醇的制备方法|CN201611116066.2_一种γ‑己内酯的制备方法|CN201611131088.6_一种由γ‑戊内酯制备戊酸及戊酸酯的方法|CN201611131667.0_一种由乙酰丙酸制备戊酸及戊酸酯的方法|CN201710079914.5_一种2,5‑呋喃二甲醛的制备方法|CN201710768965.9_一种正癸酸的制备方法|CN201810320426.3_一种1,13-十三烷二醇酯及其1,13-十三烷二醇的制备方法|CN201910695504.2_一种对羟基苯海因的制备方法","exact_title|fuzzy_title_low","0.9","migrate_and_link_reuse_object"
"zaozhi/CN201810916648.1_一种二氟磷酸锂的生产装置及生产方法.pdf","6df193ce2e08fd479b659c558ae3af3791f8106287b13dcfa9aba49a81754787","565281","zaozhi","195|196|355","CN201810916648.1_一种二氟磷酸锂的生产装置及生产方法|CN201821301208.7_一种二氟磷酸锂的生产装置|PCTCN2025079285_一种呋喃二甲酸的制备方法及装置","exact_title|fuzzy_title|fuzzy_title_low","0.9","migrate_and_link"
"zaozhi/CN201821301208.7_一种二氟磷酸锂的生产装置.pdf","dc97d30a0d09854c72ac016290daecaf366f79ef29fc286433451e7b5cce0a16","572694","zaozhi","196|195","CN201821301208.7_一种二氟磷酸锂的生产装置|CN201810916648.1_一种二氟磷酸锂的生产装置及生产方法","exact_title|fuzzy_title","0.9","migrate_and_link"
"zaozhi/CN201910695504.2_一种对羟基苯海因的制备方法.pdf","e40795e44b5734eb9a2fd882b814b67e6e8dd871691ce75fd4feefb8b5502bec","285983","zaozhi","197|142|185|187|190|193|205|206|209|210|354|367","CN201910695504.2_一种对羟基苯海因的制备方法|CN201610326841.0_一种由糖制备5-羟甲基糠醛的方法|CN201610326841.0_一种由糖制备5-羟甲基糠醛的方法|CN201611116066.2_一种γ‑己内酯的制备方法|CN201710079914.5_一种2,5‑呋喃二甲醛的制备方法|CN201710768965.9_一种正癸酸的制备方法|CN202210424424.5_一种由5-羟甲基糠醛制备2,5-呋喃二甲酸的生产方法|CN202210493713.0_一种高纯度5-羟甲基糠醛的制备方法|CN202211414220.X_一种5-羟甲基糠醛的制备方法|CN202311420375.9_一种5-羟甲基糠醛的制备方法|CN201810321005.2_一种正辛醇酯及其正辛醇的制备方法|CN201710451177.7_一种间羟基苯乙酮的制备方法","exact_title|fuzzy_title_low","0.9","migrate_and_link"
"zaozhi/CN202110399634.9_一种生物基隔膜涂敷液及其制备方法和在锂电池中的应用.pdf","05440c1d88210c72557f96ff1f4e052799e748b5181130f4b1d3b7aec25f98fc","409894","zaozhi","198|199|204","CN202110399634.9_一种生物基隔膜涂敷液及其制备方法和在锂电池中的应用|CN202110400674.0_一种基于生物质呋喃基聚合物的锂电池隔膜及其制备方法|CN202111478797.2_一种纯呋喃基聚合物膜材料及其在锂电池中的应用","exact_title|fuzzy_title_low","0.9","migrate_and_link"
"zaozhi/CN202110400674.0_一种基于生物质呋喃基聚合物的锂电池隔膜及其制备方法.pdf","efeac33e154dcf75cca4e98140eabc4f2e54325a8667285a597c9faf3c359f99","548785","zaozhi","199|198|204","CN202110400674.0_一种基于生物质呋喃基聚合物的锂电池隔膜及其制备方法|CN202110399634.9_一种生物基隔膜涂敷液及其制备方法和在锂电池中的应用|CN202111478797.2_一种纯呋喃基聚合物膜材料及其在锂电池中的应用","exact_title|fuzzy_title_low","0.9","migrate_and_link"
"zaozhi/CN202110400675.5_一种S-(+)-3-羟基四氢呋喃的纯化和异构体检测方法.pdf","4c1f5a5db63efee1c54d62e3b7ac0f7ef53775162593de9c46156197f7129fad","978842","zaozhi","200|212|216","CN202110400675.5_一种S-(+)-3-羟基四氢呋喃的纯化和异构体检测方法|CN202410337429.3_催化5-羟甲基糠醛合成2,5-二羟甲基四氢呋喃的方法|CN202511322703.0_一种5-羟甲基糠醛的纯化方法","exact_title|fuzzy_title_low","0.9","migrate_and_link"
"zaozhi/CN202110448463.4_一种高手性纯度(S)-1-(2-氯乙酰基)吡咯烷-2-甲腈的制备方法.pdf","ed8658b554bbe3af50172ee3d5f2f5a1e04c2fdc347b053af3ab81b8a32c8f07","541562","zaozhi","201|143|186|206","CN202110448463.4_一种高手性纯度(S)-1-(2-氯乙酰基)吡咯烷-2-甲腈的制备方法|CN201611079757.X_一种利用乙酰丙酸制备吡咯烷酮的方法|CN201611079757.X_一种利用乙酰丙酸制备吡咯烷酮的方法|CN202210493713.0_一种高纯度5-羟甲基糠醛的制备方法","exact_title|fuzzy_title_low","0.9","migrate_and_link"
"zaozhi/CN202111026582.7_一种酪氨酸激酶抑制剂关键中间体的合成方法.pdf","718f86772a48a012c7c8aec10977af13359ed25ae6b749293f23cdb9cdd28cfd","515073","zaozhi","202|203|139|140|182|183","CN202111026582.7_一种酪氨酸激酶抑制剂关键中间体的合成方法|CN202111368937.0_一种吡咯吡啶激酶抑制剂关键中间体的合成方法|CN201610101663.1_一种奈妥吡坦中间体的合成方法|CN201610101681.X_一种药物中间体的合成方法|CN201610101663.1_一种奈妥吡坦中间体的合成方法|CN201610101681.X_一种药物中间体的合成方法","exact_title|fuzzy_title|fuzzy_title_low","0.9","migrate_and_link"
"zaozhi/CN202111368937.0_一种吡咯吡啶激酶抑制剂关键中间体的合成方法.pdf","f2497baff23bd139fbfe9f3849bf5cbd919a98fd619f9fe7211f553313c5cf82","503817","zaozhi","203|202|139|140|182|183","CN202111368937.0_一种吡咯吡啶激酶抑制剂关键中间体的合成方法|CN202111026582.7_一种酪氨酸激酶抑制剂关键中间体的合成方法|CN201610101663.1_一种奈妥吡坦中间体的合成方法|CN201610101681.X_一种药物中间体的合成方法|CN201610101663.1_一种奈妥吡坦中间体的合成方法|CN201610101681.X_一种药物中间体的合成方法","exact_title|fuzzy_title|fuzzy_title_low","0.9","migrate_and_link"
"zaozhi/CN202111478797.2_一种纯呋喃基聚合物膜材料及其在锂电池中的应用.pdf","39b7e9fe5c948a0c4a6256ff6a0a82b4e1921c62c2cc4a8d21ee269e35faa3ce","642482","zaozhi","204|198|199","CN202111478797.2_一种纯呋喃基聚合物膜材料及其在锂电池中的应用|CN202110399634.9_一种生物基隔膜涂敷液及其制备方法和在锂电池中的应用|CN202110400674.0_一种基于生物质呋喃基聚合物的锂电池隔膜及其制备方法","exact_title|fuzzy_title_low","0.9","migrate_and_link"
"zaozhi/CN202210424424.5_一种由5-羟甲基糠醛制备2,5-呋喃二甲酸的生产方法.pdf","4dfe152059fd46f0a2192e6c8388929a6e2113577b591221dffc0dceba27dc94","291093","zaozhi","205|190|134|135|136|137|142|177|178|179|180|185|197|206|207|209|210|211|212|213|215|216|351|355","CN202210424424.5_一种由5-羟甲基糠醛制备2,5-呋喃二甲酸的生产方法|CN201710079914.5_一种2,5‑呋喃二甲醛的制备方法|CN201410834523.6_一种2,5-呋喃二甲酸的制备方法|CN201410834527.4_一种催化体系可循环使用的2,5-呋喃二甲醛的制备方法|CN201410834559.4_一种2,5-呋喃二甲醛的制备方法|CN201510616697.X_一种由生物质衍生物5-HMF或糠醛制备长链烷烃的方法|CN201610326841.0_一种由糖制备5-羟甲基糠醛的方法|CN201410834523.6_一种2,5-呋喃二甲酸的制备方法|CN201410834527.4_一种催化体系可循环使用的2,5-呋喃二甲醛的制备方法|CN201410834559.4_一种2,5-呋喃二甲醛的制备方法|CN201510616697.X_一种由生物质衍生物5-HMF或糠醛制备长链烷烃的方法|CN201610326841.0_一种由糖制备5-羟甲基糠醛的方法|CN201910695504.2_一种对羟基苯海因的制备方法|CN202210493713.0_一种高纯度5-羟甲基糠醛的制备方法|CN202210877671.0_一种无金属催化果糖一锅法制备呋喃二甲酸的方法|CN202211414220.X_一种5-羟甲基糠醛的制备方法|CN202311420375.9_一种5-羟甲基糠醛的制备方法|CN202311732340.9_一种5-羟甲基糠醛的合成方法|CN202410337429.3_催化5-羟甲基糠醛合成2,5-二羟甲基四氢呋喃的方法|CN202410455919.3_一种2,5-呋喃二甲酸颗粒及其制备方法和应用|CN202510726786.3_一种呋喃二甲酸的合成方法|CN202511322703.0_一种5-羟甲基糠醛的纯化方法|CN201610046821.8_一种选择性制备1-羟基-2,5-己二酮及2,5-呋喃二甲醇的方法|PCTCN2025079285_一种呋喃二甲酸的制备方法及装置","exact_title|fuzzy_title|fuzzy_title_low","0.9","migrate_and_link"
"zaozhi/CN202210493713.0_一种高纯度5-羟甲基糠醛的制备方法.pdf","27e569dd2542a82818395b2ed2d288b18e74640573119a99a795b4cb29eb2e72","265200","zaozhi","206|142|185|209|210|216|134|136|177|179|190|197|201|205|211|367","CN202210493713.0_一种高纯度5-羟甲基糠醛的制备方法|CN201610326841.0_一种由糖制备5-羟甲基糠醛的方法|CN201610326841.0_一种由糖制备5-羟甲基糠醛的方法|CN202211414220.X_一种5-羟甲基糠醛的制备方法|CN202311420375.9_一种5-羟甲基糠醛的制备方法|CN202511322703.0_一种5-羟甲基糠醛的纯化方法|CN201410834523.6_一种2,5-呋喃二甲酸的制备方法|CN201410834559.4_一种2,5-呋喃二甲醛的制备方法|CN201410834523.6_一种2,5-呋喃二甲酸的制备方法|CN201410834559.4_一种2,5-呋喃二甲醛的制备方法|CN201710079914.5_一种2,5‑呋喃二甲醛的制备方法|CN201910695504.2_一种对羟基苯海因的制备方法|CN202110448463.4_一种高手性纯度(S)-1-(2-氯乙酰基)吡咯烷-2-甲腈的制备方法|CN202210424424.5_一种由5-羟甲基糠醛制备2,5-呋喃二甲酸的生产方法|CN202311732340.9_一种5-羟甲基糠醛的合成方法|CN201710451177.7_一种间羟基苯乙酮的制备方法","exact_title|fuzzy_title|fuzzy_title_low","0.9","migrate_and_link"
"zaozhi/CN202210877671.0_一种无金属催化果糖一锅法制备呋喃二甲酸的方法.pdf","621cf6b2a3b1026c1a12d8a9cbf0a45e5bafd32ec16bd91c49e63af32fd01e41","393808","zaozhi","207|134|135|136|177|178|179|190|205|215|355","CN202210877671.0_一种无金属催化果糖一锅法制备呋喃二甲酸的方法|CN201410834523.6_一种2,5-呋喃二甲酸的制备方法|CN201410834527.4_一种催化体系可循环使用的2,5-呋喃二甲醛的制备方法|CN201410834559.4_一种2,5-呋喃二甲醛的制备方法|CN201410834523.6_一种2,5-呋喃二甲酸的制备方法|CN201410834527.4_一种催化体系可循环使用的2,5-呋喃二甲醛的制备方法|CN201410834559.4_一种2,5-呋喃二甲醛的制备方法|CN201710079914.5_一种2,5‑呋喃二甲醛的制备方法|CN202210424424.5_一种由5-羟甲基糠醛制备2,5-呋喃二甲酸的生产方法|CN202510726786.3_一种呋喃二甲酸的合成方法|PCTCN2025079285_一种呋喃二甲酸的制备方法及装置","exact_title|fuzzy_title_low","0.9","migrate_and_link"
"zaozhi/CN202211173701.6_法匹拉韦中间体3,6-二氟-2-吡嗪甲腈的制备方法.pdf","37a48402a90fa91eb4e71a6351e31fb38b29b3bf8c86daa605bb1fa6b0a39e6e","585137","zaozhi","208","CN202211173701.6_法匹拉韦中间体3,6-二氟-2-吡嗪甲腈的制备方法","exact_title","0.9","migrate_and_link"
"zaozhi/CN202211414220.X_一种5-羟甲基糠醛的制备方法.pdf","f78c802e9a03f98a76337b1d58173bbeac361590df342fce546ffbe206743a32","1336702","zaozhi","209|142|185|206|210|134|136|137|177|179|180|187|190|191|193|197|205|211|216|351|353|367","CN202211414220.X_一种5-羟甲基糠醛的制备方法|CN201610326841.0_一种由糖制备5-羟甲基糠醛的方法|CN201610326841.0_一种由糖制备5-羟甲基糠醛的方法|CN202210493713.0_一种高纯度5-羟甲基糠醛的制备方法|CN202311420375.9_一种5-羟甲基糠醛的制备方法|CN201410834523.6_一种2,5-呋喃二甲酸的制备方法|CN201410834559.4_一种2,5-呋喃二甲醛的制备方法|CN201510616697.X_一种由生物质衍生物5-HMF或糠醛制备长链烷烃的方法|CN201410834523.6_一种2,5-呋喃二甲酸的制备方法|CN201410834559.4_一种2,5-呋喃二甲醛的制备方法|CN201510616697.X_一种由生物质衍生物5-HMF或糠醛制备长链烷烃的方法|CN201611116066.2_一种γ‑己内酯的制备方法|CN201710079914.5_一种2,5‑呋喃二甲醛的制备方法|CN201710389333.1_一种噻唑‑4‑甲酸的制备方法|CN201710768965.9_一种正癸酸的制备方法|CN201910695504.2_一种对羟基苯海因的制备方法|CN202210424424.5_一种由5-羟甲基糠醛制备2,5-呋喃二甲酸的生产方法|CN202311732340.9_一种5-羟甲基糠醛的合成方法|CN202511322703.0_一种5-羟甲基糠醛的纯化方法|CN201610046821.8_一种选择性制备1-羟基-2,5-己二酮及2,5-呋喃二甲醇的方法|CN201710768995.X_一种1,10-癸二酸的制备方法|CN201710451177.7_一种间羟基苯乙酮的制备方法","exact_title|fuzzy_title|fuzzy_title_low","0.9","migrate_and_link"
"zaozhi/CN202311420375.9_一种5-羟甲基糠醛的制备方法.pdf","42c1c4165568f4c7b56d1364fdc5516ede8d5b218b7a7a6a45f8f8cd3135e657","1217757","zaozhi","210|142|185|206|209|211|134|136|137|177|179|180|187|190|191|193|197|205|216|351|367","CN202311420375.9_一种5-羟甲基糠醛的制备方法|CN201610326841.0_一种由糖制备5-羟甲基糠醛的方法|CN201610326841.0_一种由糖制备5-羟甲基糠醛的方法|CN202210493713.0_一种高纯度5-羟甲基糠醛的制备方法|CN202211414220.X_一种5-羟甲基糠醛的制备方法|CN202311732340.9_一种5-羟甲基糠醛的合成方法|CN201410834523.6_一种2,5-呋喃二甲酸的制备方法|CN201410834559.4_一种2,5-呋喃二甲醛的制备方法|CN201510616697.X_一种由生物质衍生物5-HMF或糠醛制备长链烷烃的方法|CN201410834523.6_一种2,5-呋喃二甲酸的制备方法|CN201410834559.4_一种2,5-呋喃二甲醛的制备方法|CN201510616697.X_一种由生物质衍生物5-HMF或糠醛制备长链烷烃的方法|CN201611116066.2_一种γ‑己内酯的制备方法|CN201710079914.5_一种2,5‑呋喃二甲醛的制备方法|CN201710389333.1_一种噻唑‑4‑甲酸的制备方法|CN201710768965.9_一种正癸酸的制备方法|CN201910695504.2_一种对羟基苯海因的制备方法|CN202210424424.5_一种由5-羟甲基糠醛制备2,5-呋喃二甲酸的生产方法|CN202511322703.0_一种5-羟甲基糠醛的纯化方法|CN201610046821.8_一种选择性制备1-羟基-2,5-己二酮及2,5-呋喃二甲醇的方法|CN201710451177.7_一种间羟基苯乙酮的制备方法","exact_title|fuzzy_title|fuzzy_title_low","0.9","migrate_and_link"
"zaozhi/CN202311732340.9_一种5-羟甲基糠醛的合成方法.pdf","9b478c6b42799a873328971b9009a38e295dcf85ab445e46c11d20cd84bcb089","931560","zaozhi","211|210|142|185|190|205|206|209|212|215|216","CN202311732340.9_一种5-羟甲基糠醛的合成方法|CN202311420375.9_一种5-羟甲基糠醛的制备方法|CN201610326841.0_一种由糖制备5-羟甲基糠醛的方法|CN201610326841.0_一种由糖制备5-羟甲基糠醛的方法|CN201710079914.5_一种2,5‑呋喃二甲醛的制备方法|CN202210424424.5_一种由5-羟甲基糠醛制备2,5-呋喃二甲酸的生产方法|CN202210493713.0_一种高纯度5-羟甲基糠醛的制备方法|CN202211414220.X_一种5-羟甲基糠醛的制备方法|CN202410337429.3_催化5-羟甲基糠醛合成2,5-二羟甲基四氢呋喃的方法|CN202510726786.3_一种呋喃二甲酸的合成方法|CN202511322703.0_一种5-羟甲基糠醛的纯化方法","exact_title|fuzzy_title|fuzzy_title_low","0.9","migrate_and_link"
"zaozhi/CN202410337429.3_催化5-羟甲基糠醛合成2,5-二羟甲基四氢呋喃的方法.pdf","8a1b77a9bb45612e9278c1bb8b7b258cdf7bca8262ad3d479b9a1b0f1a3f3fda","1569369","zaozhi","212|135|136|178|179|190|200|205|211|215|216","CN202410337429.3_催化5-羟甲基糠醛合成2,5-二羟甲基四氢呋喃的方法|CN201410834527.4_一种催化体系可循环使用的2,5-呋喃二甲醛的制备方法|CN201410834559.4_一种2,5-呋喃二甲醛的制备方法|CN201410834527.4_一种催化体系可循环使用的2,5-呋喃二甲醛的制备方法|CN201410834559.4_一种2,5-呋喃二甲醛的制备方法|CN201710079914.5_一种2,5‑呋喃二甲醛的制备方法|CN202110400675.5_一种S-(+)-3-羟基四氢呋喃的纯化和异构体检测方法|CN202210424424.5_一种由5-羟甲基糠醛制备2,5-呋喃二甲酸的生产方法|CN202311732340.9_一种5-羟甲基糠醛的合成方法|CN202510726786.3_一种呋喃二甲酸的合成方法|CN202511322703.0_一种5-羟甲基糠醛的纯化方法","exact_title|fuzzy_title_low","0.9","migrate_and_link"
"zaozhi/CN202410455919.3_一种2,5-呋喃二甲酸颗粒及其制备方法和应用.pdf","689f8578334741b83a484e81ace672cee146bab9f815a2a7e8a777b6b00e9076","990369","zaozhi","213|134|135|136|177|178|179|190|205|215|351|355","CN202410455919.3_一种2,5-呋喃二甲酸颗粒及其制备方法和应用|CN201410834523.6_一种2,5-呋喃二甲酸的制备方法|CN201410834527.4_一种催化体系可循环使用的2,5-呋喃二甲醛的制备方法|CN201410834559.4_一种2,5-呋喃二甲醛的制备方法|CN201410834523.6_一种2,5-呋喃二甲酸的制备方法|CN201410834527.4_一种催化体系可循环使用的2,5-呋喃二甲醛的制备方法|CN201410834559.4_一种2,5-呋喃二甲醛的制备方法|CN201710079914.5_一种2,5‑呋喃二甲醛的制备方法|CN202210424424.5_一种由5-羟甲基糠醛制备2,5-呋喃二甲酸的生产方法|CN202510726786.3_一种呋喃二甲酸的合成方法|CN201610046821.8_一种选择性制备1-羟基-2,5-己二酮及2,5-呋喃二甲醇的方法|PCTCN2025079285_一种呋喃二甲酸的制备方法及装置","exact_title|fuzzy_title_low","0.9","migrate_and_link"
"zaozhi/CN202411727615.4_一种生物基聚酰胺纳滤膜及其应用.pdf","f888faa3901c93ec8b8c02e9a0fa49606d30e1e3b60ccf5f6810663409cfe7e4","1937920","zaozhi","214","CN202411727615.4_一种生物基聚酰胺纳滤膜及其应用","exact_title","0.9","migrate_and_link"
"zaozhi/CN202510726786.3_一种呋喃二甲酸的合成方法.pdf","dc6e5e212143ee156bd1ea7538185ee74b263e5b8c9538c590992087058ee25f","2793243","zaozhi","215|134|136|177|179|190|205|207|211|212|213|355","CN202510726786.3_一种呋喃二甲酸的合成方法|CN201410834523.6_一种2,5-呋喃二甲酸的制备方法|CN201410834559.4_一种2,5-呋喃二甲醛的制备方法|CN201410834523.6_一种2,5-呋喃二甲酸的制备方法|CN201410834559.4_一种2,5-呋喃二甲醛的制备方法|CN201710079914.5_一种2,5‑呋喃二甲醛的制备方法|CN202210424424.5_一种由5-羟甲基糠醛制备2,5-呋喃二甲酸的生产方法|CN202210877671.0_一种无金属催化果糖一锅法制备呋喃二甲酸的方法|CN202311732340.9_一种5-羟甲基糠醛的合成方法|CN202410337429.3_催化5-羟甲基糠醛合成2,5-二羟甲基四氢呋喃的方法|CN202410455919.3_一种2,5-呋喃二甲酸颗粒及其制备方法和应用|PCTCN2025079285_一种呋喃二甲酸的制备方法及装置","exact_title|fuzzy_title_low","0.9","migrate_and_link"
"zaozhi/CN202511322703.0_一种5-羟甲基糠醛的纯化方法.pdf","df7d6443eaed649528cfccc6b77d4850629958482bb8f800e3f2bfaaa1cdc743","1112736","zaozhi","216|142|185|206|190|200|205|209|210|211|212","CN202511322703.0_一种5-羟甲基糠醛的纯化方法|CN201610326841.0_一种由糖制备5-羟甲基糠醛的方法|CN201610326841.0_一种由糖制备5-羟甲基糠醛的方法|CN202210493713.0_一种高纯度5-羟甲基糠醛的制备方法|CN201710079914.5_一种2,5‑呋喃二甲醛的制备方法|CN202110400675.5_一种S-(+)-3-羟基四氢呋喃的纯化和异构体检测方法|CN202210424424.5_一种由5-羟甲基糠醛制备2,5-呋喃二甲酸的生产方法|CN202211414220.X_一种5-羟甲基糠醛的制备方法|CN202311420375.9_一种5-羟甲基糠醛的制备方法|CN202311732340.9_一种5-羟甲基糠醛的合成方法|CN202410337429.3_催化5-羟甲基糠醛合成2,5-二羟甲基四氢呋喃的方法","exact_title|fuzzy_title|fuzzy_title_low","0.9","migrate_and_link"
"zaozhi/EP24203247.2_METHOD FOR PREPARING 5-HYDROXYMETHYLFURFURAL.pdf","64a4544c572b455424212c0308e60667d02a12d92eed0f271ba371fffff2ab4e","381315","zaozhi","217|323","EP24203247.2_METHOD FOR PREPARING 5-HYDROXYMETHYLFURFURAL|METHOD FOR PREPARING 5-HYDROXYMETHYLFURFURAL","exact_title|fuzzy_title","0.9","migrate_and_link"
"zaozhi/Energy Science   Engineering - 2025 - Buthelezi - Techno‐Economic Assessment of Biofuels Production From Sugarcane Bagasse.pdf","cffa7df131e2fc0bd223db9ceea438fb00c183279c82146c4d30a01d5f7c35e3","741654","zaozhi","218","Techno‐Economic Assessment of Biofuels Production From Sugarcane Bagasse","metadata_in_db","0.9","migrate_and_link"
"zaozhi/Engineering Ligninolytic Consortium for Bioconversion of Lignocelluloses to Ethanol and Chemicals(科研通-ablesci.com).pdf","00cb1402b518aef386a6c21fd8b0c6dc8d0f8643401ceb71bea5239a1c55c716","7530866","zaozhi","219","Engineering Ligninolytic Consortium for Bioconversion of Lignocelluloses to Ethanol and Chemicals","metadata_in_db","0.9","migrate_and_link"
"zaozhi/Green synthesis of ZnO-NPs using sugarcane bagasse waste_ Phytochemical assessment of extract and biological study of nanopartic(科研通-ablesci.com).pdf","642c7938c0e497786522a1bfd3c47d7903c90216031dea9f809a2e913186ff79","6962995","zaozhi","220","Green synthesis of ZnO-NPs using sugarcane bagasse waste: phytochemical assessment of extract and biological study of nanoparticles","metadata_in_db","0.9","migrate_and_link"
"zaozhi/JP2024145580_５－ヒドロキシメチルフルフラールの製造方法.pdf","37dc677eebf02b9e16b33d9535aaed6fa199665c875cddb1cd6b0f32560d1e86","346388","zaozhi","221","JP2024145580_５－ヒドロキシメチルフルフラールの製造方法","exact_title","0.9","migrate_and_link"
"zaozhi/Noor_2020_IOP_Conf._Ser.__Earth_Environ._Sci._599_012051.pdf","828a60aea721bd94737e33001e23875898fb4cd67a5b5bb23ef31bd3d267e8e8","1612920","zaozhi","222","Bio-packaging based on a composite of paper waste and coconut fiber","metadata_in_db","0.9","migrate_and_link"
"zaozhi/PCTCN2025079285_一种呋喃二甲酸的制备方法及装置.pdf","8e24d43e22902e88943dcb0b5ed678dae0a1280f8dea2730dc827132d54298bc","1473342","zaozhi","355|134|177|135|136|178|179|188|189|190|191|193|195|205|207|213|215|351|353","PCTCN2025079285_一种呋喃二甲酸的制备方法及装置|CN201410834523.6_一种2,5-呋喃二甲酸的制备方法|CN201410834523.6_一种2,5-呋喃二甲酸的制备方法|CN201410834527.4_一种催化体系可循环使用的2,5-呋喃二甲醛的制备方法|CN201410834559.4_一种2,5-呋喃二甲醛的制备方法|CN201410834527.4_一种催化体系可循环使用的2,5-呋喃二甲醛的制备方法|CN201410834559.4_一种2,5-呋喃二甲醛的制备方法|CN201611131088.6_一种由γ‑戊内酯制备戊酸及戊酸酯的方法|CN201611131667.0_一种由乙酰丙酸制备戊酸及戊酸酯的方法|CN201710079914.5_一种2,5‑呋喃二甲醛的制备方法|CN201710389333.1_一种噻唑‑4‑甲酸的制备方法|CN201710768965.9_一种正癸酸的制备方法|CN201810916648.1_一种二氟磷酸锂的生产装置及生产方法|CN202210424424.5_一种由5-羟甲基糠醛制备2,5-呋喃二甲酸的生产方法|CN202210877671.0_一种无金属催化果糖一锅法制备呋喃二甲酸的方法|CN202410455919.3_一种2,5-呋喃二甲酸颗粒及其制备方法和应用|CN202510726786.3_一种呋喃二甲酸的合成方法|CN201610046821.8_一种选择性制备1-羟基-2,5-己二酮及2,5-呋喃二甲醇的方法|CN201710768995.X_一种1,10-癸二酸的制备方法","exact_title|fuzzy_title|fuzzy_title_low","0.9","migrate_and_link_reuse_object"
"zaozhi/US202418895254_METHOD FOR PREPARING 5-HYDROXYMETHYLFURFURAL.pdf","2d22e03ec6ca1dd89831d7f55a22d171d686e82b861523f20642f5d5e1663ec2","827406","zaozhi","323|217","METHOD FOR PREPARING 5-HYDROXYMETHYLFURFURAL|EP24203247.2_METHOD FOR PREPARING 5-HYDROXYMETHYLFURFURAL","source_summary|fuzzy_title","0.9","migrate_and_link_reuse_object"
"zaozhi/Year，Article Title.txt","822dcfabe7ec8911e149befdd93f372c7b6db271a853612d4cee9509f7da2d31","41306","zaozhi","324","论文标题清单（Year，Article Title）","source_summary","0.9","migrate_and_link_reuse_object"
"zaozhi/bbae409.pdf","32936f7e3bc70a11c3c32cc587e892ee21d2e0d2e58f658b3a15bd07b203b393","1379954","zaozhi","223","DeepEnzyme: a robust deep learning model for improved enzyme turnover number prediction by utilizing features of protein 3D-structures","metadata_in_db","0.9","migrate_and_link"
"zaozhi/bio-based paper&pulp by MQE 2025.10.29.pptx","2ddd1b2c434b14f16d8ad1152a72cbd7398326446084b65e5ca149a8a5f28770","24846054","zaozhi","224|225|226|227|228|276","bio-based paper&pulp by MQE 2025.10.29|bio-based paper&pulp by MQE 2025.10.30|bio-based paper&pulp by MQE 2025.10.30|bio-based paper&pulp by MQE 2025.10.31|bio-based paper&pulp by MQE 2025.10|荣晟bio-based paper&pulp by MQE 2025.11.25","exact_title|fuzzy_title|fuzzy_title_low","0.9","migrate_and_link"
"zaozhi/bio-based paper&pulp by MQE 2025.10.30.pdf","14cffbc58c3a644ac4f3b20742ab5a9c10350b320ff9bfc91334398245aba1e0","3686982","zaozhi","225|226|224|227|228|276","bio-based paper&pulp by MQE 2025.10.30|bio-based paper&pulp by MQE 2025.10.30|bio-based paper&pulp by MQE 2025.10.29|bio-based paper&pulp by MQE 2025.10.31|bio-based paper&pulp by MQE 2025.10|荣晟bio-based paper&pulp by MQE 2025.11.25","exact_title|fuzzy_title|fuzzy_title_low","0.9","migrate_and_link"
"zaozhi/bio-based paper&pulp by MQE 2025.10.30.pptx","771224a385093399fc5e554a35fe97eca622d93912a6c7e012e8bc96ba439c65","29454801","zaozhi","225|226|224|227|228|276","bio-based paper&pulp by MQE 2025.10.30|bio-based paper&pulp by MQE 2025.10.30|bio-based paper&pulp by MQE 2025.10.29|bio-based paper&pulp by MQE 2025.10.31|bio-based paper&pulp by MQE 2025.10|荣晟bio-based paper&pulp by MQE 2025.11.25","exact_title|fuzzy_title|fuzzy_title_low","0.9","migrate_and_link"
"zaozhi/bio-based paper&pulp by MQE 2025.10.31.pptx","8583c16c10f1943aa3df59107ff612afb26813ba312d15313e85d022bb0c0998","29463203","zaozhi","227|224|225|226|228|276","bio-based paper&pulp by MQE 2025.10.31|bio-based paper&pulp by MQE 2025.10.29|bio-based paper&pulp by MQE 2025.10.30|bio-based paper&pulp by MQE 2025.10.30|bio-based paper&pulp by MQE 2025.10|荣晟bio-based paper&pulp by MQE 2025.11.25","exact_title|fuzzy_title|fuzzy_title_low","0.9","migrate_and_link"
"zaozhi/bio-based paper&pulp by MQE 2025.10.pptx","f0f2dc7fc5ed001fd0eb9e4b31b8e999fbe69e4017375e0d119525762c8fe1f5","35662096","zaozhi","228|224|225|226|227|276","bio-based paper&pulp by MQE 2025.10|bio-based paper&pulp by MQE 2025.10.29|bio-based paper&pulp by MQE 2025.10.30|bio-based paper&pulp by MQE 2025.10.30|bio-based paper&pulp by MQE 2025.10.31|荣晟bio-based paper&pulp by MQE 2025.11.25","exact_title|fuzzy_title|fuzzy_title_low","0.9","migrate_and_link"
"zaozhi/csirEnzymeApplicationsinPulpandPaperrav.pdf","e0e7d01f9b5fc5e3749caa631bb83c65d967ebeb66e995fc3e94d88b925d95a7","472138","zaozhi","229","Enzyme Applications in Pulp and Paper","metadata_in_db","0.9","migrate_and_link"
"zaozhi/f2121195da604aab89e06cbdd8b6cc43.pdf","d5559250bb0f7c686bab3ce1c4e3c06a782f8a951599f00f15b24097cbe3e0d4","212216","zaozhi","230","非粮生物基材料产业创新发展典型案例入围名单（公示稿）","metadata_in_db","0.9","migrate_and_link"
"zaozhi/fenrg-4-1549247.pdf","8dbf57545955d6764c7ef19f0564f9fd384939a36bfe4179fd984d62bc694cec","25028374","zaozhi","231","Optimizing COD removal, lignin degradation and electricity generation from pulp and paper industry wastewater by CW-MFC using box-behnken design","metadata_in_db","0.9","migrate_and_link"
"zaozhi/fermentation-09-00789.pdf","1ac60105e628b913338f2014f86e7adcf44a1a4baa5960685e279c43b863a158","1081775","zaozhi","232","Lactic Acid Production from Steam-Exploded Sugarcane Bagasse Using Bacillus coagulans DSM2314","metadata_in_db","0.9","migrate_and_link"
"zaozhi/fermentation-11-00489.pdf","85d1086388a081ecd8013c1837027ebf79304cdbde359b5a8d9dbf37355d5498","1393772","zaozhi","233","Sugarcane Bagasse: A Sustainable Feedstock for Biorefinery Portfolios in South Africa","metadata_in_db","0.9","migrate_and_link"
"zaozhi/foaf038.pdf","9f5ecfef1bd12b75bbc878d8df3dbfb52f1d69d5700ea5fa4f6b414fcb08a66f","1204292","zaozhi","234","Glycerol bioconversion to biofuel and value-added products by yeasts","metadata_in_db","0.9","migrate_and_link"
"zaozhi/foods-14-02158.pdf","6f848c057113f9913236126e0413ae831dc2ce13a923ea7d8abc2a5703510698","1459723","zaozhi","235","Corn Steep Liquor as an Efficient Bioresource for Functional Components Production by Biotransformation Technology","metadata_in_db","0.9","migrate_and_link"
"zaozhi/ijms-26-09906-v2.pdf","7f4ab5bc8b1cec32231ade82ae5daaa144e28b0a5b62950c35e23dbf970362c0","15867860","zaozhi","236","The Importance of Molecular Size, Concentration, and Thermal Conditions in Enhancing Lignin Derivatives' Interactions with Skin-like Membranes: Implications for Cosmetic and Therapeutic Applications","metadata_in_db","0.9","migrate_and_link"
"zaozhi/jcs-09-00503.pdf","e01039e034cd38eef73b07d2dc7937d812bb1cc320df4d337e7dfaa7c78f993c","2567638","zaozhi","237","Mechanical and Structural Properties of Biocomposites Reinforced with Bagasse Fibers from Sugarcane Overexpressing Sucrose Synthesis","metadata_in_db","0.9","migrate_and_link"
"zaozhi/jingxing-驱动.pptx","7830b08915601d4892f51bed03c399c9f6791db97f01e0c984910aeaa8382278","1981272","zaozhi","238","jingxing-驱动","exact_title","0.9","migrate_and_link"
"zaozhi/lactic-acid-production-from-sugarcane-bagasse-hydrolysates-by-lactiplantibacillus-strains.pdf","cc062e08dfc4abbaed0b5c985f0a3d834d1584ae967a101cab853645e891b965","3942864","zaozhi","239|232","Lactic Acid Production from Sugarcane Bagasse Hydrolysates by Lactiplantibacillus Strains|Lactic Acid Production from Steam-Exploded Sugarcane Bagasse Using Bacillus coagulans DSM2314","metadata_in_db|fuzzy_title_low","0.9","migrate_and_link"
"zaozhi/main.pdf","0bbb6b20e5b910fcee1e68dbb5895ed0d0878ce648b985324bc85ca7c4da6e35","9632220","zaozhi","240","Status and trends of enzyme cocktails for efficient and ecological production in the pulp and paper industry","metadata_in_db","0.9","migrate_and_link"
"zaozhi/main2.pdf","69d1a30b7850c6ffd9a9897097b17bd7ba94192fc387c484c11df955e8b3e5e5","4844117","zaozhi","241|128|171|333","Chimeric enzymes in the pulp and paper making industry: Current developments|Chimeric enzymes in the pulp and paper making industry: Current developments|Chimeric enzymes in the pulp and paper making industry: Current developments|Chimeric enzymes in the pulp and paper making industry: Current developments","metadata_in_db|pdf_title","0.9","migrate_and_link"
"zaozhi/main3.pdf","a0e8c127ddffa8cec74eb753722d46bfd92637cb1abfac209e8a50b1488aa86f","12006492","zaozhi","242","A unique Equisetum enzyme, hetero-trans-β-glucanase (HTG), enhances industrially and environmentally important cellulose-rich materials","metadata_in_db","0.9","migrate_and_link"
"zaozhi/maximizing-polylactic-acid-bioplastic-yield-from-lactobacillus-rhamnosus-l6-via-response-surface-methodology-evaluating.pdf","9ac86bd183fa3332650188bfc0c3869e4f783818d2fa4859daa144c6fb70156b","13833465","zaozhi","243","Maximizing Polylactic Acid Bioplastic Yield from Lactobacillus rhamnosus L6 via Response Surface Methodology: Evaluating Antimicrobial Effectiveness, Physical, and Chemical Properties of PLA","metadata_in_db","0.9","migrate_and_link"
"zaozhi/paper_retrieval.pdf","80497a9133622a2eb227e38e44bfb729b45e2e8442d474d23f6f102b801ea291","187945","zaozhi","244","论文摘要检索合集（paper_retrieval）","metadata_in_db","0.9","migrate_and_link"
"zaozhi/polymers-17-00322.pdf","a0e8f60707a0d5b1b7c10280ec937caefd2639de6123dd3d54fc59ccc5b68561","3096599","zaozhi","245","Advances in L-Lactic Acid Production from Lignocellulose Using Genetically Modified Microbial Systems","metadata_in_db","0.9","migrate_and_link"
"zaozhi/s10570-023-05333-2.pdf","d72bdefa0053304cb113b4fa2e084a66fba0149953c109c5cf2facc26f38491e","1110268","zaozhi","246","Innovations in papermaking using enzymatic intervention: an ecofriendly approach","metadata_in_db","0.9","migrate_and_link"
"zaozhi/s10668-024-05154-8.pdf","512ace0d72ab35faf164d1b77fd9e85fb3cf2266769a6bd691353815f4e0d378","4012028","zaozhi","247","Coconut husk: A sustainable solution for eco-friendly packaging applications","metadata_in_db","0.9","migrate_and_link"
"zaozhi/s12649-025-02962-5.pdf","6f8066415cf9750dfae8053b755410d744ccf8fe3a2455954b4575d0d382a1a5","2461670","zaozhi","317|248","Valorisation of Industrial Waste for Second-Generation Ethanol Production: Towards the Scale-Up of High-Solids Paper Sludge Fermentation|Nonsterile Lactic Acid Production from Pulse Husks","source_summary|id_token","0.9","migrate_and_link"
"zaozhi/s12649-025-03057-x.pdf","a3ded5344d9e8cb214afba4c0e06b5a95d6591153e41bd0ba13a0c71d1bfaf63","1211399","zaozhi","248|317","Nonsterile Lactic Acid Production from Pulse Husks|Valorisation of Industrial Waste for Second-Generation Ethanol Production: Towards the Scale-Up of High-Solids Paper Sludge Fermentation","metadata_in_db|id_token","0.9","migrate_and_link"
"zaozhi/s13068-025-02646-1.pdf","bd1e440c948fd88a158149e8c5c42e622743fb15c4182185aebf42126dd3ae0f","4149487","zaozhi","249","Synergistic cell-free enzyme cocktails for enhanced fiber matrix development: improving dewatering, strength, and decarbonization in the paper industry","metadata_in_db","0.9","migrate_and_link"
"zaozhi/s13762-024-06270-8.pdf","3d2687bce8c8512e178f45e0d8c578b04471d8e61eb24e642b1f6dd0acf72f8a","4723093","zaozhi","250","Valorization of waste from coconut palm cultivation as source of cellulose to papermaking","metadata_in_db","0.9","migrate_and_link"
"zaozhi/s40643-025-00905-5.pdf","8261cd2615bf3e7d80a373a1b5eb1f1d7f99df230be8eed377e00d156b2fa394","1840016","zaozhi","251","Blasting extrusion pretreatment of sweet sorghum bagasse for enhanced enzymatic saccharification and ethanol production using Pichia kudriavzevii ATCC 20,381","metadata_in_db","0.9","migrate_and_link"
"zaozhi/s41598-025-00610-5.pdf","88e7e9dc62eaec82acb43163643eeb8150bb25baf605cc8f26f93d7286990464","2507548","zaozhi","252","Transforming waste into value: Single-step in situ synthesis of magnetic porous carbon composite adsorbents from sugarcane bagasse and iron scrap","metadata_in_db","0.9","migrate_and_link"
"zaozhi/s42452-025-07560-7.pdf","c245d7ed5a49b1ec30f2cd29d2712674684e419893be7d578c6182fbef73eed8","1598845","zaozhi","253","Advancements in sustainable lactic acid production: revolutionizing biorefineries by harnessing genetically engineered LAB and lignocellulosic biomass","metadata_in_db","0.9","migrate_and_link"
"zaozhi/s44320-024-00060-7.pdf","ccc73a5fce6679bf64d8d667f6dd8d62783862768f38d44c98c29040a769198d","2500679","zaozhi","254","Yeast9: a consensus genome-scale metabolic model for S. cerevisiae curated by the community","metadata_in_db","0.9","migrate_and_link"
"zaozhi/savedrecs (2).xls","4277c738f33a0dbbc9b5927e0adc3dcfa23d1d33145bc17334b9c3e48fc36211","1187328","zaozhi","356|322","savedrecs 文献检索记录|savedrecs 文献检索记录","source_summary|source_file_variant","0.9","migrate_and_link_reuse_object"
"zaozhi/savedrecs.txt","4c2c3804b1b0b65dec157951e5a63f26ecf0685ca3998dd0ff5d06e5721b55fc","774224","zaozhi","322|356","savedrecs 文献检索记录|savedrecs 文献检索记录","source_summary|source_file_variant","0.9","migrate_and_link_reuse_object"
"zaozhi/sustainability-16-03066.pdf","8291289c39582fb1235e3c22803df848f8e8b4aef832c46aaa6bee09680bb6d3","2604107","zaozhi","255","Coconut Waste: Discovering Sustainable Approaches to Advance a Circular Economy","metadata_in_db","0.9","migrate_and_link"
"zaozhi/sustainable-production-of-high-performance-bioplastics-from-agricultural-and-industrial-biomass-waste-by-integrating.pdf","25f01c0ecbac2cc9f00ac41096565ca3f78f01f64f8f8db2ac981210015a0605","7823427","zaozhi","256","Sustainable Production of High-Performance Bioplastics from Agricultural and Industrial Biomass Waste by Integrating Deep Eutectic Solvent (DES) Pretreatment and Acetylation Processes","metadata_in_db","0.9","migrate_and_link"
"zaozhi/technoeconomics-of-sugar-cane-bagasse-valorization-to-lactic-acid-using-pinch-technology-distillation-vs-reactive.pdf","768c78df21f813c96d5daadc89fa786c131eb75df7897ef0a0286d7093ba900c","9468102","zaozhi","257","Technoeconomics of Sugar Cane Bagasse Valorization to Lactic Acid Using Pinch Technology: Distillation vs Reactive Distillation","metadata_in_db","0.9","migrate_and_link"
"zaozhi/technologies-13-00238.pdf","ea54e1444ce2ad62b58b938566d6d3b7cce3af28fda184f595b53cac1efb8b74","683104","zaozhi","258","Transition to a Circular Bioeconomy in the Sugar Agro-Industry: Predictive Modeling to Estimate the Energy Potential of By-Products","metadata_in_db","0.9","migrate_and_link"
"zaozhi/wos_paper_and_pulp.xls","b415f59c2281d5ce481ad536d60be8a319a214823d6087f96a916dbbd04c37d2","167424","zaozhi","310|229","Web of Science 造纸文献清单|Enzyme Applications in Pulp and Paper","source_summary|fuzzy_title_low","0.9","migrate_and_link"
"zaozhi/wos_paper_and_pulp.xlsx","b97bc4b876aef7a0f82325c12f72314eae2d89e6b8cd8500e137f0f632676bc0","65939","zaozhi","310|229","Web of Science 造纸文献清单|Enzyme Applications in Pulp and Paper","source_summary|fuzzy_title_low","0.9","migrate_and_link"
"zaozhi/关于造纸酶的产业化导向.docx","d3e10f98d26e4c21d6eaa87699cae9c513a66835c2fbbb08a3d42db02ad211f6","1602666","zaozhi","259|295|301|260","关于造纸酶的产业化导向|关于造纸酶的产业化导向|关于造纸酶的产业化导向|关于造纸酶的产业化导向_V2","exact_title|fuzzy_title","0.9","migrate_and_link"
"zaozhi/关于造纸酶的产业化导向_V2.docx","771d9b362418efba2d55a91f022e903473ab88f6da8f2af46e9ce8a426789401","1603518","zaozhi","260|295|301|259","关于造纸酶的产业化导向_V2|关于造纸酶的产业化导向|关于造纸酶的产业化导向|关于造纸酶的产业化导向","exact_title|source_summary|source_file_variant|metadata_in_db","0.9","migrate_and_link"
"zaozhi/参观准备.docx","8088c19a311d5b3d41d2b2ad05cb417afae785d4a4a4fdf43a28dc424fc59e76","20563","zaozhi","261","参观准备","exact_title","0.9","migrate_and_link"
"zaozhi/合成生物学研究员-造纸.docx","5be69d4eba9e2c081c612b79f3c92456b6f09f769201a7ad9b60a474e7bb512c","19373","zaozhi","262","合成生物学研究员-造纸","exact_title","0.9","migrate_and_link"
"zaozhi/市售产品.pptx","750b3216c22910b8474ec6686f4d75cf3c9e7c840773ce6adefc9dbc62a18c2f","6305440","zaozhi","263","市售产品","exact_title","0.9","migrate_and_link"
"zaozhi/平台设计_v1.0.docx","db62a562fd2c3975ffbd8ebd235b3b5f48fe75be38aad1c7a0a9357debeecf89","22702","zaozhi","264|1","平台设计_v1.0|量子计算材料设计平台","exact_title|fuzzy_title_low","0.9","migrate_and_link"
"zaozhi/新建 Microsoft Word 文档.docx","350a5fac29e5b6ace9e6c703d9b6de989cb77372076057d11e8308cf9d3a9729","44522","zaozhi","318","新建 Microsoft Word 文档","exact_title","0.9","migrate_and_link"
"zaozhi/新方向调研/2025-Transparent wood-dual.pdf","7e8ea003bcaea06d1a3d7510b80e17e82ecda6894a7b65c3179993915dd596e8","3744338","zaozhi","328|120|163","Transparent Wood Fabrication and Applications: A Review|Transparent Wood Fabrication and Applications: A Review|Transparent Wood Fabrication and Applications: A Review","source_summary|metadata_in_db","0.9","migrate_and_link"
"zaozhi/新方向调研/2025-enzyme-food-dual.pdf","d19788d37e07ec8e8044bd8b263d38bceb9e38e6c09b3fdc195eb4da6ebb6e2b","2869740","zaozhi","368|121|164","Enzyme Technology in the Food Industry: Molecular Mechanisms, Applications, and Sustainable Innovations|Enzyme Technology in the Food Industry: Molecular Mechanisms, Applications, and Sustainable Innovations|Enzyme Technology in the Food Industry: Molecular Mechanisms, Applications, and Sustainable Innovations","source_summary|metadata_in_db","0.9","migrate_and_link"
"zaozhi/新方向调研/2025-ligini-dual.pdf","c904a61cc29c781d2ad09aad4ce5ff379887bc592175be676a174db5d610d46a","21874912","zaozhi","325|122|165","From black to green - A critical review of thermochemical valorization of black liquor|From black to green - A critical review of thermochemical valorization of black liquor|From black to green - A critical review of thermochemical valorization of black liquor","source_summary|metadata_in_db","0.9","migrate_and_link"
"zaozhi/新方向调研/2025-lignin-oiland water separate-dual.pdf","9b372e80108a50f86db12d96e66b8db4d914ae012b60eec5775917e2763f11ed","10475992","zaozhi","326|123|166","A mini-review on lignin isolation and modification based on sorbent materials with porous nature as demulsifier for oil/water separations|A mini-review on lignin isolation and modification based on sorbent materials with porous nature as demulsifier for oil/water separations|A mini-review on lignin isolation and modification based on sorbent materials with porous nature as demulsifier for oil/water separations","source_summary|metadata_in_db","0.9","migrate_and_link"
"zaozhi/新方向调研/2025-lignin2-dual.pdf","94daeb39d4dd3dd7932cfd6989c92e9a4da995d56f1338c724f942d35afb227e","3195503","zaozhi","327|124|167","Recent advances in generation of bioproducts from lignin: a comprehensive review|Recent advances in generation of bioproducts from lignin: a comprehensive review|Recent advances in generation of bioproducts from lignin: a comprehensive review","source_summary|metadata_in_db","0.9","migrate_and_link"
"zaozhi/新方向调研/2025_food pakageing.pdf","4779eb86cbcbc58fe3f46dd6a21b8f8b43604e446225a4e1fca1382a74f685d0","854654","zaozhi","319|370","Advances in Nanocellulose-Based Composites for Sustainable Food Packaging|Advances in Nanocellulose-Based Composites for Sustainable Food Packaging","source_summary|source_file_variant","0.9","migrate_and_link_reuse_object"
"zaozhi/新方向调研/2025_geotechnical.pdf","7d37b78c876f6610c99fbff1b2b93c382e3df85a192abca4a8c182488eeb7cea","993642","zaozhi","320|371","Impact of Nano-Silica, Cationic Polyacrylamide, and Cationic Starch on Long Fiber Utilization in Recycled Paper Production|Impact of Nano-Silica, Cationic Polyacrylamide, and Cationic Starch on Long Fiber Utilization in Recycled Paper Production","source_summary|source_file_variant","0.9","migrate_and_link_reuse_object"
"zaozhi/新方向调研/2026_Decarbonization pathways.pdf","8c1be8232f6918fa10344b5a9cc1afdc957f152a2f3c596a40e81baa5979e082","693982","zaozhi","321","Green Synthesis of Zinc Oxide Nanoparticles using Brown Algae on Oil Palm Empty Fruit Bunch Pulp and Paper Substrates: Effect of pH 6 to 8","source_summary","0.9","migrate_and_link_reuse_object"
"zaozhi/新方向调研/翻译/2025_ Orange peel composition-dual.pdf","6dd6370c04b768531e05ee1ceb279eb6d0d56c02f88406688ad74cee5fd515bd","7393826","zaozhi","332|127|170","橙皮成分、生物聚合物提取及其在造纸与包装领域的应用：综述|橙皮成分、生物聚合物提取及其在造纸与包装领域的应用：综述|橙皮成分、生物聚合物提取及其在造纸与包装领域的应用：综述","source_summary|metadata_in_db","0.9","migrate_and_link"
"zaozhi/新方向调研/翻译/2025_Chimeric enzymes-dual.pdf","5425d8ff7c447b6963e1ade509a780d9ca49401840e52bffe649f728fff267b1","9475285","zaozhi","333|128|171|241","Chimeric enzymes in the pulp and paper making industry: Current developments|Chimeric enzymes in the pulp and paper making industry: Current developments|Chimeric enzymes in the pulp and paper making industry: Current developments|Chimeric enzymes in the pulp and paper making industry: Current developments","source_summary|metadata_in_db|pdf_title","0.9","migrate_and_link"
"zaozhi/新方向调研/翻译/2025_Decarbonization pathways-dual.pdf","9f6e20fdbb18575ad5cd2ff03bfedd2ed9de99941dcb0d338304ff4e29293e9c","16681785","zaozhi","369|129|172","Decarbonization pathways for the pulp and paper industry: A comprehensive review|Decarbonization pathways for the pulp and paper industry: A comprehensive review|Decarbonization pathways for the pulp and paper industry: A comprehensive review","source_summary|metadata_in_db","0.9","migrate_and_link"
"zaozhi/新方向调研/翻译/2025_food pakageing-dual.pdf","934610d171256094c472d10fe259fa3140ff837cab657edf573042f6dc30b189","1959677","zaozhi","370|319","Advances in Nanocellulose-Based Composites for Sustainable Food Packaging|Advances in Nanocellulose-Based Composites for Sustainable Food Packaging","source_summary|source_file_variant","0.9","migrate_and_link"
"zaozhi/新方向调研/翻译/2025_geotechnical-dual.pdf","80881a9e48566d8e0c1dd62ae48ee1eb75fa3dad784aa2a8a5e6230b7371d313","1932258","zaozhi","371|320","Impact of Nano-Silica, Cationic Polyacrylamide, and Cationic Starch on Long Fiber Utilization in Recycled Paper Production|Impact of Nano-Silica, Cationic Polyacrylamide, and Cationic Starch on Long Fiber Utilization in Recycled Paper Production","source_summary|source_file_variant","0.9","migrate_and_link"
"zaozhi/新方向调研/翻译/2025_lignocellulosic biomass-dual.pdf","9b2fe4e9954fc7eae7d4fd9d9ac24b92dbdf3b0450767a92451be73c2d965b68","9747154","zaozhi","372|130|173","Preparation and applications of nanoparticles from lignocellulosic biomass: A review|Preparation and applications of nanoparticles from lignocellulosic biomass: A review|Preparation and applications of nanoparticles from lignocellulosic biomass: A review","source_summary|metadata_in_db","0.9","migrate_and_link"
"zaozhi/新方向调研/翻译/2025_microalgae biodiesel-dual.pdf","f14a4796a2272c2a8c672428854627facc1faa503dded8910cf3761d0175cb31","17400093","zaozhi","131|174","Impact of oxyhydrogen-enriched, nano-doped microalgae biodiesel on diesel engine performance, emissions, and thermo-exergetic sustainability|Impact of oxyhydrogen-enriched, nano-doped microalgae biodiesel on diesel engine performance, emissions, and thermo-exergetic sustainability","metadata_in_db","0.9","migrate_and_link"
"zaozhi/新方向调研/翻译/2025_waste-dual.pdf","df1b823f21bfa4c60907d2afd02afae34482e9c69057137231b8c95f09d1e635","2163664","zaozhi","132|175","Use of industrial pulp and paper waste as agricultural inputs: A systematic literature review|Use of industrial pulp and paper waste as agricultural inputs: A systematic literature review","metadata_in_db","0.9","migrate_and_link"
"zaozhi/新方向调研/翻译/2026-Development of lateral flow assay for quantitative analysis-dual.pdf","b2c2231f0d0ceace6127ddc988d628527d89b7805cfa3d9b5a185f08a140028c","9584335","zaozhi","","","","0","keep_orphan"
"zaozhi/新方向调研/翻译/2026_Decarbonization pathways-dual.pdf","31841189799688442f0ebec1b1130d3c8dd2ad6c8cb28489788dab59a132df75","1332353","zaozhi","321","Green Synthesis of Zinc Oxide Nanoparticles using Brown Algae on Oil Palm Empty Fruit Bunch Pulp and Paper Substrates: Effect of pH 6 to 8","source_file_variant","0.9","migrate_and_link"
"zaozhi/新方向调研/翻译/ijms-26-09906-v2-dual.pdf","31cbd6c4e225eacf678ee2c8da5b58d71b0429e73d2e14e7f8fe3d0d87c2723d","31893027","zaozhi","236","The Importance of Molecular Size, Concentration, and Thermal Conditions in Enhancing Lignin Derivatives' Interactions with Skin-like Membranes: Implications for Cosmetic and Therapeutic Applications","metadata_in_db","0.9","migrate_and_link"
"zaozhi/新方向调研/翻译/paper_retrieval-dual.pdf","b346ff441dd63f0f59b184d84b364619d9e2dc90003f660960b27176b58b1f69","616875","zaozhi","244","论文摘要检索合集（paper_retrieval）","metadata_in_db","0.9","migrate_and_link"
"zaozhi/新方向调研/翻译/sensors-25-01021-dual.pdf","16a15476c24473766295d73dd9c511d147ec1c736e8c64fc517b84b156af1778","8372313","zaozhi","","","","0","keep_orphan"
"zaozhi/方向评估.docx","2af88bcf0edfeac451efa613cfc12b0aaf929e0a8158052f2016b6f49ff00e89","20802","zaozhi","265","方向评估","exact_title","0.9","migrate_and_link"
"zaozhi/景兴纸业/lc2.html","9337e33e9a38429ce328cf89d03415c09cfa7277ce136a44305848569881e3aa","10654","zaozhi","","","","0","keep_orphan"
"zaozhi/景兴纸业初次沟通材料-v1.0.pptx","eddd88119f7b100135fcebeef0aa20b137873c5325042ada44600ed62b4ee2fc","26910295","zaozhi","266|268|269|267","景兴纸业初次沟通材料-v1.0|景兴纸业沟通材料-v1.0|景兴纸业沟通材料-v2.0|景兴纸业沟通材料-v0.5","exact_title|fuzzy_title|fuzzy_title_low","0.9","migrate_and_link"
"zaozhi/景兴纸业沟通材料-v0.5.docx","9d2bd2f8baf6e7144ead1583d9106c84bb0aa7a55122f072d214b34f9f2f2415","21453","zaozhi","267|268|269|266","景兴纸业沟通材料-v0.5|景兴纸业沟通材料-v1.0|景兴纸业沟通材料-v2.0|景兴纸业初次沟通材料-v1.0","exact_title|fuzzy_title|fuzzy_title_low","0.9","migrate_and_link"
"zaozhi/景兴纸业沟通材料-v1.0.docx","7436c53b99aefa1927e7be05e3b704b0924463f3b5951140fe05c1021d6c5516","24344","zaozhi","268|266|267|269","景兴纸业沟通材料-v1.0|景兴纸业初次沟通材料-v1.0|景兴纸业沟通材料-v0.5|景兴纸业沟通材料-v2.0","exact_title|fuzzy_title","0.9","migrate_and_link"
"zaozhi/景兴纸业沟通材料-v2.0.docx","e457f32facd60108dce50460b5b263689b4c0437020f92c68583b310f3a79f9f","26668","zaozhi","269|266|267|268","景兴纸业沟通材料-v2.0|景兴纸业初次沟通材料-v1.0|景兴纸业沟通材料-v0.5|景兴纸业沟通材料-v1.0","exact_title|fuzzy_title","0.9","migrate_and_link"
"zaozhi/木质素.pdf","6d9b69149de79997b1b09c373aa825c150d4b534eb211d37bf8623a8a2b1af8c","2594055","zaozhi","270","木质素","exact_title","0.9","migrate_and_link"
"zaozhi/机器学习驱动的基因组规模代谢模型构建与优化.pdf","a38442840c5d65da2ac87d0d18f639920dde2105249e3315991bf85db0013052","1768010","zaozhi","271","机器学习驱动的基因组规模代谢模型构建与优化","exact_title","0.9","migrate_and_link"
"zaozhi/椰树-造纸.pdf","9463e63c568b6b317f74597e2f166cbd8088c9b4c103e1328e01771f88f26d5e","9748764","zaozhi","272|273","椰树-造纸|椰树造纸分析","exact_title|fuzzy_title","0.9","migrate_and_link"
"zaozhi/椰树造纸分析.docx","66c295d0f10c9bf16962f5b0f101002d22b625f1d70ebae023af641e559289ba","25361","zaozhi","273|272","椰树造纸分析|椰树-造纸","exact_title|fuzzy_title","0.9","migrate_and_link"
"zaozhi/甘蔗渣/1-s2.0-S0961953425002089-main-dual.pdf","3da8e0ac49379af66e7fa51d21d4fe7dbfd161b3c9a988b30510818198118109","6171346","zaozhi","107|150","Valorization of agave bagasse as a bio-template for circular economy: Applications in energy conversion, metabolite production, and sustainable material synthesis|Valorization of agave bagasse as a bio-template for circular economy: Applications in energy conversion, metabolite production, and sustainable material synthesis","metadata_in_db","0.9","migrate_and_link"
"zaozhi/甘蔗渣/1-s2.0-S0961953425005720-main-dual.pdf","54543fda85d47a36e7ee56c35391964f82ba1c0c26659b30a575b4ebc0f11b0f","19864877","zaozhi","108|151","Fermentation of sugarcane bagasse for production of value-added phenolic compounds using potential bacterial strains: A comparative analysis|Fermentation of sugarcane bagasse for production of value-added phenolic compounds using potential bacterial strains: A comparative analysis","metadata_in_db","0.9","migrate_and_link"
"zaozhi/甘蔗渣/1-s2.0-S266615432300056X-main-dual.pdf","5ea1525d0076a95ed612e2c7cc6672c907612642848aa21d5fb79c6340484f9f","5324841","zaozhi","117|160","Advances in safe processing of sugarcane and bagasse for the generation of biofuels and bioactive compounds|Advances in safe processing of sugarcane and bagasse for the generation of biofuels and bioactive compounds","metadata_in_db","0.9","migrate_and_link"
"zaozhi/甘蔗渣/Green synthesis of ZnO-NPs using sugarcane bagasse waste_ Phytochemical assessment of extract and biological study of nanopartic(科研通-ablesci.com)-dual.pdf","c54d725f1a71605f4d76d609621c7aac98eb40a7ced3a3c02ad2ebfd6f92a288","14126331","zaozhi","220","Green synthesis of ZnO-NPs using sugarcane bagasse waste: phytochemical assessment of extract and biological study of nanoparticles","metadata_in_db","0.9","migrate_and_link"
"zaozhi/甘蔗渣/bagasse3/1-s2.0-S0009250925013971-main-dual.pdf","703931662fb362179e6f9c0294adc1e8407094ff6bf22fb12f6d59464f96f775","19079314","zaozhi","101|144","Optimization of hydrothermal carbonization parameters of sugarcane residues for enhanced hydrochar fuel properties with ammonium adsorption assessment|Optimization of hydrothermal carbonization parameters of sugarcane residues for enhanced hydrochar fuel properties with ammonium adsorption assessment","metadata_in_db","0.9","migrate_and_link"
"zaozhi/甘蔗渣/bagasse3/1-s2.0-S0961953425006968-main-dual.pdf","4b216625fce74cfd846c9c66ac6f4dbb450e72dd5c382ae70c3b6abdc078dd34","4754630","zaozhi","109|152","Integrated assessment of bio-oil catalytic hydrocracking for diesel and gasoline production in the sugarcane industry|Integrated assessment of bio-oil catalytic hydrocracking for diesel and gasoline production in the sugarcane industry","metadata_in_db","0.9","migrate_and_link"
"zaozhi/甘蔗渣/bagasse3/1-s2.0-S0961953425008979-main-dual.pdf","69631f6225345072a7b02438037bfeba577b2ecabb2e2423351d7a1fda53c28e","7990525","zaozhi","110|153","Maximizing wheat straw utilization: An integrated, near-zero-waste sequential biorefining approach|Maximizing wheat straw utilization: An integrated, near-zero-waste sequential biorefining approach","metadata_in_db","0.9","migrate_and_link"
"zaozhi/甘蔗渣/bagasse3/1-s2.0-S2589014X25003044-main-dual.pdf","ae560d2d33bb2275b5186cd6db6e3f922d78d63b03e73c62fd84c5cbf57ad5dc","9699964","zaozhi","115|158","Techno-economic evaluation of multiple product scenarios from pineapple leaf waste in integrated biorefinery|Techno-economic evaluation of multiple product scenarios from pineapple leaf waste in integrated biorefinery","metadata_in_db","0.9","migrate_and_link"
"zaozhi/甘蔗渣/bagasse3/1-s2.0-S2590123025012368-main-dual.pdf","7ff8e00e3552f8500a9fad01bffcab373cd0cfb8b74271fde55af36053c61e6b","9202007","zaozhi","116|159","Sustainable lactic acid production: Optimization yield from sugarcane and beet molasses through fermentation|Sustainable lactic acid production: Optimization yield from sugarcane and beet molasses through fermentation","metadata_in_db","0.9","migrate_and_link"
"zaozhi/甘蔗渣/bagasse3/fermentation-09-00789-dual.pdf","6813adbbd1e6246017ddcb12eeaaafbc91f800fe47fde554b353936fb8c5c2d5","2363332","zaozhi","232","Lactic Acid Production from Steam-Exploded Sugarcane Bagasse Using Bacillus coagulans DSM2314","metadata_in_db","0.9","migrate_and_link"
"zaozhi/甘蔗渣/bagasse3/foaf038-dual.pdf","b0afbd52180a0a7d1bae104f2ac7f1f5a7d499018cfe71214cdc90df0b6c1cdc","1633559","zaozhi","234","Glycerol bioconversion to biofuel and value-added products by yeasts","metadata_in_db","0.9","migrate_and_link"
"zaozhi/甘蔗渣/bagasse3/foods-14-02158-dual.pdf","8f87a69b0ba282cf123f8255d5d2d8be8b4652c1b74528e7ea2fb13cb1a1b96c","3122088","zaozhi","235","Corn Steep Liquor as an Efficient Bioresource for Functional Components Production by Biotransformation Technology","metadata_in_db","0.9","migrate_and_link"
"zaozhi/甘蔗渣/bagasse3/lactic-acid-production-from-sugarcane-bagasse-hydrolysates-by-lactiplantibacillus-strains-dual.pdf","419364d37ad9941a8d72ff9ae935a1ad87ecb83e75b318ddee3dbf073d321202","7439325","zaozhi","239|232","Lactic Acid Production from Sugarcane Bagasse Hydrolysates by Lactiplantibacillus Strains|Lactic Acid Production from Steam-Exploded Sugarcane Bagasse Using Bacillus coagulans DSM2314","metadata_in_db|fuzzy_title_low","0.9","migrate_and_link"
"zaozhi/甘蔗渣/bagasse3/main-dual.pdf","0001e288ad48c12304ff0ede99035fc4d0ba608a9c13208fac2d9d15ef5d2fc4","11704469","zaozhi","240","Status and trends of enzyme cocktails for efficient and ecological production in the pulp and paper industry","metadata_in_db","0.9","migrate_and_link"
"zaozhi/甘蔗渣/bagasse3/maximizing-polylactic-acid-bioplastic-yield-from-lactobacillus-rhamnosus-l6-via-response-surface-methodology-evaluating-dual.pdf","45ad333e00b10a62db6e034ecb64eb1a59fbf413bb1642bcaaa6b8dc862a1b2e","27088541","zaozhi","243","Maximizing Polylactic Acid Bioplastic Yield from Lactobacillus rhamnosus L6 via Response Surface Methodology: Evaluating Antimicrobial Effectiveness, Physical, and Chemical Properties of PLA","metadata_in_db","0.9","migrate_and_link"
"zaozhi/甘蔗渣/bagasse3/polymers-17-00322-dual.pdf","e8cee06e0cb499595d636ee5afa15f25b58735faac2739d88122052bbf78aaf3","6271432","zaozhi","245","Advances in L-Lactic Acid Production from Lignocellulose Using Genetically Modified Microbial Systems","metadata_in_db","0.9","migrate_and_link"
"zaozhi/甘蔗渣/bagasse3/s12649-025-03057-x-dual.pdf","45ed351dcf459c06c4cb9c2e51f98ca2cf26bb0986e91ec4b52860ff272cbc86","2069071","zaozhi","248|317","Nonsterile Lactic Acid Production from Pulse Husks|Valorisation of Industrial Waste for Second-Generation Ethanol Production: Towards the Scale-Up of High-Solids Paper Sludge Fermentation","metadata_in_db|id_token","0.9","migrate_and_link"
"zaozhi/甘蔗渣/bagasse3/s42452-025-07560-7-dual.pdf","47e8f5e20ba5031bffd8a0f6ce2efc035bdc615a52adc71d9b2ec67cfe2a3262","2538123","zaozhi","253","Advancements in sustainable lactic acid production: revolutionizing biorefineries by harnessing genetically engineered LAB and lignocellulosic biomass","metadata_in_db","0.9","migrate_and_link"
"zaozhi/甘蔗渣/bagasse3/technoeconomics-of-sugar-cane-bagasse-valorization-to-lactic-acid-using-pinch-technology-distillation-vs-reactive-dual.pdf","6e7363fb982d6be5851f2c4dae3882d28ba8bb0700340cbd7ae425c12c978a6a","18470815","zaozhi","257","Technoeconomics of Sugar Cane Bagasse Valorization to Lactic Acid Using Pinch Technology: Distillation vs Reactive Distillation","metadata_in_db","0.9","migrate_and_link"
"zaozhi/甘蔗渣/bagasse3/technologies-13-00238-dual.pdf","e12482e66c9aca3c586a45c102fb2539824b310df14893107ec9a947851a6de2","1495006","zaozhi","258","Transition to a Circular Bioeconomy in the Sugar Agro-Industry: Predictive Modeling to Estimate the Energy Potential of By-Products","metadata_in_db","0.9","migrate_and_link"
"zaozhi/甘蔗渣/jcs-09-00503-dual.pdf","31ccf9c27633529cb7b3c584e7f6c21873926791de527090c8acbaa9824ac3ac","5261614","zaozhi","237","Mechanical and Structural Properties of Biocomposites Reinforced with Bagasse Fibers from Sugarcane Overexpressing Sucrose Synthesis","metadata_in_db","0.9","migrate_and_link"
"zaozhi/甘蔗渣/paper2/1-s2.0-S0141813025086374-main-dual.pdf","9c8a0605c86036eecbab2cf95ac966e11cde42b0e6b5cae0c105172971fb09c0","18458522","zaozhi","103|146","Evaluation of lignin and cellulose nanoparticles from bacterial-deconstructed sugarcane bagasse for effective quercetin delivery|Evaluation of lignin and cellulose nanoparticles from bacterial-deconstructed sugarcane bagasse for effective quercetin delivery","metadata_in_db","0.9","migrate_and_link"
"zaozhi/甘蔗渣/paper2/1-s2.0-S0926669025015614-main-dual.pdf","cdc20ce124d88c4b161c7a507902dc27635343c9dcbb56191ee3ecd88271c6d5","6866852","zaozhi","104|147","Sustainable and efficient valorization of sugarcane bagasse: Integrated conversion of holocellulose into acetone, butanol, and ethanol|Sustainable and efficient valorization of sugarcane bagasse: Integrated conversion of holocellulose into acetone, butanol, and ethanol","metadata_in_db","0.9","migrate_and_link"
"zaozhi/甘蔗渣/paper2/1-s2.0-S1369703X25000646-main-dual.pdf","8f81326b92566b1b00f4507c03bcf37988d3dfebc3703757cd188fe17557952e","15425337","zaozhi","111|154","Simultaneous enzymatic hydrolysis and bioconversion of deacetylated and disk refined sugarcane bagasse to single-cell protein: An experimental investigation and techno-economic analysis|Simultaneous enzymatic hydrolysis and bioconversion of deacetylated and disk refined sugarcane bagasse to single-cell protein: An experimental investigation and techno-economic analysis","metadata_in_db","0.9","migrate_and_link"
"zaozhi/甘蔗渣/paper2/1-s2.0-S1385894725049903-main-dual.pdf","6b17e8c09025dc67a407263bf07a226a57fc88d088330c07a83cf49a2c2d4b04","27248406","zaozhi","112|155","Exploring exopolysaccharide production from sugarcane bagasse: Mechanisms and processes involving Leuconostoc mesenteroides|Exploring exopolysaccharide production from sugarcane bagasse: Mechanisms and processes involving Leuconostoc mesenteroides","metadata_in_db","0.9","migrate_and_link"
"zaozhi/甘蔗渣/paper2/1-s2.0-S2589014X25002361-main-dual.pdf","269e51d919953050819f9620578c9ec016aed4d0011ab597a1dc5a9a08ef71e0","7100026","zaozhi","114|157","Agro-industrial waste valorization through solid-state fermentation by Lentinula edodes for high-protein and β-glucans flour development for human diet: Chemical characterization, drying kinetics evaluation, and bioaccessibility|Agro-industrial waste valorization through solid-state fermentation by Lentinula edodes for high-protein and β-glucans flour development for human diet: Chemical characterization, drying kinetics evaluation, and bioaccessibility","metadata_in_db","0.9","migrate_and_link"
"zaozhi/甘蔗渣/paper2/Energy Science   Engineering - 2025 - Buthelezi - Techno‐Economic Assessment of Biofuels Production From Sugarcane Bagasse-dual.pdf","e58a7f7ef7577fcae31e4bbe137ed6070c91aac56df0c75c77ceb9318291ec95","1786285","zaozhi","218","Techno‐Economic Assessment of Biofuels Production From Sugarcane Bagasse","metadata_in_db","0.9","migrate_and_link"
"zaozhi/甘蔗渣/paper2/fermentation-11-00489-dual.pdf","6eb8ca041bfe6a0c40398b485d0f23f22225ab91534e71f5b67512a0a4193d44","2937575","zaozhi","233","Sugarcane Bagasse: A Sustainable Feedstock for Biorefinery Portfolios in South Africa","metadata_in_db","0.9","migrate_and_link"
"zaozhi/甘蔗渣/paper2/s40643-025-00905-5-dual.pdf","8d921646509f2c7e493f1129ee8c46cc1fb9845fac8aff9a3fc58ef7f6c4af8d","3113951","zaozhi","251","Blasting extrusion pretreatment of sweet sorghum bagasse for enhanced enzymatic saccharification and ethanol production using Pichia kudriavzevii ATCC 20,381","metadata_in_db","0.9","migrate_and_link"
"zaozhi/甘蔗渣/s41598-025-00610-5-dual.pdf","1edb4c9931504f8ba17056a98ee46b97dfebdbc1a21b59ade736c4d9ae10eb4d","4462368","zaozhi","252","Transforming waste into value: Single-step in situ synthesis of magnetic porous carbon composite adsorbents from sugarcane bagasse and iron scrap","metadata_in_db","0.9","migrate_and_link"
"zaozhi/甘蔗渣/sustainable-production-of-high-performance-bioplastics-from-agricultural-and-industrial-biomass-waste-by-integrating-dual.pdf","ba43ade0c62ff1ea37256cd80430930cf05fea33527ae452e7dbce8045aca02b","15158921","zaozhi","256","Sustainable Production of High-Performance Bioplastics from Agricultural and Industrial Biomass Waste by Integrating Deep Eutectic Solvent (DES) Pretreatment and Acetylation Processes","metadata_in_db","0.9","migrate_and_link"
"zaozhi/甘蔗渣/利夫生物/Year，Article Title.txt","822dcfabe7ec8911e149befdd93f372c7b6db271a853612d4cee9509f7da2d31","41306","zaozhi","324","论文标题清单（Year，Article Title）","source_summary","0.9","migrate_and_link_reuse_object"
"zaozhi/甘蔗渣/利夫生物/savedrecs (2).xls","4277c738f33a0dbbc9b5927e0adc3dcfa23d1d33145bc17334b9c3e48fc36211","1187328","zaozhi","356|322","savedrecs 文献检索记录|savedrecs 文献检索记录","source_summary|source_file_variant","0.9","migrate_and_link_reuse_object"
"zaozhi/甘蔗渣/利夫生物/savedrecs.txt","4c2c3804b1b0b65dec157951e5a63f26ecf0685ca3998dd0ff5d06e5721b55fc","774224","zaozhi","322|356","savedrecs 文献检索记录|savedrecs 文献检索记录","source_summary|source_file_variant","0.9","migrate_and_link_reuse_object"
"zaozhi/甘蔗渣/利夫生物/专利/第一部分/CN201610046821.8_一种选择性制备1-羟基-2,5-己二酮及2,5-呋喃二甲醇的方法.pdf","a7167e79ee90e8c3e86ead9d89418a2f200b80f47a0e969c8d4adc7be2e7e0c0","992860","zaozhi","351|134|135|136|142|177|178|179|185|190|205|209|210|213|355","CN201610046821.8_一种选择性制备1-羟基-2,5-己二酮及2,5-呋喃二甲醇的方法|CN201410834523.6_一种2,5-呋喃二甲酸的制备方法|CN201410834527.4_一种催化体系可循环使用的2,5-呋喃二甲醛的制备方法|CN201410834559.4_一种2,5-呋喃二甲醛的制备方法|CN201610326841.0_一种由糖制备5-羟甲基糠醛的方法|CN201410834523.6_一种2,5-呋喃二甲酸的制备方法|CN201410834527.4_一种催化体系可循环使用的2,5-呋喃二甲醛的制备方法|CN201410834559.4_一种2,5-呋喃二甲醛的制备方法|CN201610326841.0_一种由糖制备5-羟甲基糠醛的方法|CN201710079914.5_一种2,5‑呋喃二甲醛的制备方法|CN202210424424.5_一种由5-羟甲基糠醛制备2,5-呋喃二甲酸的生产方法|CN202211414220.X_一种5-羟甲基糠醛的制备方法|CN202311420375.9_一种5-羟甲基糠醛的制备方法|CN202410455919.3_一种2,5-呋喃二甲酸颗粒及其制备方法和应用|PCTCN2025079285_一种呋喃二甲酸的制备方法及装置","exact_title|fuzzy_title_low","0.9","migrate_and_link_reuse_object"
"zaozhi/甘蔗渣/利夫生物/专利/第一部分/CN201710768995.X_一种1,10‑癸二酸的制备方法.pdf","5e3a1d10f15e80dd7d577e3020345fd74359b8e96548118292396db2df1f4c8a","725474","zaozhi","353|134|136|143|177|179|186|187|188|190|191|193|194|209|355","CN201710768995.X_一种1,10-癸二酸的制备方法|CN201410834523.6_一种2,5-呋喃二甲酸的制备方法|CN201410834559.4_一种2,5-呋喃二甲醛的制备方法|CN201611079757.X_一种利用乙酰丙酸制备吡咯烷酮的方法|CN201410834523.6_一种2,5-呋喃二甲酸的制备方法|CN201410834559.4_一种2,5-呋喃二甲醛的制备方法|CN201611079757.X_一种利用乙酰丙酸制备吡咯烷酮的方法|CN201611116066.2_一种γ‑己内酯的制备方法|CN201611131088.6_一种由γ‑戊内酯制备戊酸及戊酸酯的方法|CN201710079914.5_一种2,5‑呋喃二甲醛的制备方法|CN201710389333.1_一种噻唑‑4‑甲酸的制备方法|CN201710768965.9_一种正癸酸的制备方法|CN201810320426.3_一种1,13-十三烷二醇酯及其1,13-十三烷二醇的制备方法|CN202211414220.X_一种5-羟甲基糠醛的制备方法|PCTCN2025079285_一种呋喃二甲酸的制备方法及装置","normalized_title|fuzzy_title_low","0.9","migrate_and_link_reuse_object"
"zaozhi/甘蔗渣/利夫生物/专利/第一部分/CN201810321005.2_一种正辛醇酯及其正辛醇的制备方法.pdf","4a4675b64288a502562701d5cfe33e25d28b2ab13d3bf833c865c37dd5db1811","507351","zaozhi","354|187|188|189|190|193|194|197","CN201810321005.2_一种正辛醇酯及其正辛醇的制备方法|CN201611116066.2_一种γ‑己内酯的制备方法|CN201611131088.6_一种由γ‑戊内酯制备戊酸及戊酸酯的方法|CN201611131667.0_一种由乙酰丙酸制备戊酸及戊酸酯的方法|CN201710079914.5_一种2,5‑呋喃二甲醛的制备方法|CN201710768965.9_一种正癸酸的制备方法|CN201810320426.3_一种1,13-十三烷二醇酯及其1,13-十三烷二醇的制备方法|CN201910695504.2_一种对羟基苯海因的制备方法","exact_title|fuzzy_title_low","0.9","migrate_and_link_reuse_object"
"zaozhi/甘蔗渣/利夫生物/专利/第一部分/PCTCN2025079285_一种呋喃二甲酸的制备方法及装置.pdf","8e24d43e22902e88943dcb0b5ed678dae0a1280f8dea2730dc827132d54298bc","1473342","zaozhi","355|134|177|135|136|178|179|188|189|190|191|193|195|205|207|213|215|351|353","PCTCN2025079285_一种呋喃二甲酸的制备方法及装置|CN201410834523.6_一种2,5-呋喃二甲酸的制备方法|CN201410834523.6_一种2,5-呋喃二甲酸的制备方法|CN201410834527.4_一种催化体系可循环使用的2,5-呋喃二甲醛的制备方法|CN201410834559.4_一种2,5-呋喃二甲醛的制备方法|CN201410834527.4_一种催化体系可循环使用的2,5-呋喃二甲醛的制备方法|CN201410834559.4_一种2,5-呋喃二甲醛的制备方法|CN201611131088.6_一种由γ‑戊内酯制备戊酸及戊酸酯的方法|CN201611131667.0_一种由乙酰丙酸制备戊酸及戊酸酯的方法|CN201710079914.5_一种2,5‑呋喃二甲醛的制备方法|CN201710389333.1_一种噻唑‑4‑甲酸的制备方法|CN201710768965.9_一种正癸酸的制备方法|CN201810916648.1_一种二氟磷酸锂的生产装置及生产方法|CN202210424424.5_一种由5-羟甲基糠醛制备2,5-呋喃二甲酸的生产方法|CN202210877671.0_一种无金属催化果糖一锅法制备呋喃二甲酸的方法|CN202410455919.3_一种2,5-呋喃二甲酸颗粒及其制备方法和应用|CN202510726786.3_一种呋喃二甲酸的合成方法|CN201610046821.8_一种选择性制备1-羟基-2,5-己二酮及2,5-呋喃二甲醇的方法|CN201710768995.X_一种1,10-癸二酸的制备方法","exact_title|fuzzy_title|fuzzy_title_low","0.9","migrate_and_link_reuse_object"
"zaozhi/甘蔗渣/利夫生物/专利/第一部分/US202418895254_METHOD FOR PREPARING 5-HYDROXYMETHYLFURFURAL.pdf","2d22e03ec6ca1dd89831d7f55a22d171d686e82b861523f20642f5d5e1663ec2","827406","zaozhi","323|217","METHOD FOR PREPARING 5-HYDROXYMETHYLFURFURAL|EP24203247.2_METHOD FOR PREPARING 5-HYDROXYMETHYLFURFURAL","source_summary|fuzzy_title","0.9","migrate_and_link_reuse_object"
"zaozhi/甘蔗渣/利夫生物/专利/第三部分/CN201710451177.7_一种间羟基苯乙酮的制备方法.pdf","8283f07ee8eaab917a59dcebb3d02ac45c2cf607e4b192476b57ae866cb79e6f","163840","zaozhi","367|142|143|185|186|187|193|197|206|209|210","CN201710451177.7_一种间羟基苯乙酮的制备方法|CN201610326841.0_一种由糖制备5-羟甲基糠醛的方法|CN201611079757.X_一种利用乙酰丙酸制备吡咯烷酮的方法|CN201610326841.0_一种由糖制备5-羟甲基糠醛的方法|CN201611079757.X_一种利用乙酰丙酸制备吡咯烷酮的方法|CN201611116066.2_一种γ‑己内酯的制备方法|CN201710768965.9_一种正癸酸的制备方法|CN201910695504.2_一种对羟基苯海因的制备方法|CN202210493713.0_一种高纯度5-羟甲基糠醛的制备方法|CN202211414220.X_一种5-羟甲基糠醛的制备方法|CN202311420375.9_一种5-羟甲基糠醛的制备方法","exact_title|fuzzy_title_low","0.9","migrate_and_link_reuse_object"
"zaozhi/生物智能体-完整路线.pptx","baeadb863dbb666a7f45389a11e7f090161a100579ad8f487cefe43bc779e5e4","1159841","zaozhi","274","生物智能体-完整路线","exact_title","0.9","migrate_and_link"
"zaozhi/硬碳材料.pdf","91d1f43f747afa6b6d494880acfce9593f3a326f456617cf6e8d43a34e3dd899","1971235","zaozhi","275","硬碳材料","exact_title","0.9","migrate_and_link"
"zaozhi/荣晟bio-based paper&pulp by MQE 2025.11.25.pptx","cfe8149ea9896650a72cce635ca407a546a99ee38324c02f2e4aa66c831cd37c","31778128","zaozhi","276|224|225|226|227|228","荣晟bio-based paper&pulp by MQE 2025.11.25|bio-based paper&pulp by MQE 2025.10.29|bio-based paper&pulp by MQE 2025.10.30|bio-based paper&pulp by MQE 2025.10.30|bio-based paper&pulp by MQE 2025.10.31|bio-based paper&pulp by MQE 2025.10","exact_title|fuzzy_title_low","0.9","migrate_and_link"
"zaozhi/荣晟造纸拜访 2025.11.26.pptx","9910ddc9ad921a350d8fc6d9152169686be1a335937f2c1bc5314ee3e50a1dfa","37559784","zaozhi","277","荣晟造纸拜访 2025.11.26","exact_title","0.9","migrate_and_link"
"zaozhi/造纸流程.pptx","b02916aa70ed13fe23e6a15561b0c90b6313d45390ef77e55bf86dacbde0da5b","5367869","zaozhi","311","造纸流程","exact_title","0.9","migrate_and_link"