"entry_id","entry_title","entry_type","source","source_type","source_file","file_count_confirmed","file_count_all","match_method","confidence"
"1","量子计算材料设计平台","sandbox_project","sandbox","sandbox_project","","0","1","fuzzy_title_low","0.5"
"2","AI 驱动的实验数据分析能力","tech_doc","manual_or_unknown","tech_doc","","0","0","","0"
"3","某某智能计算方法专利","patent","manual_or_unknown","patent","","0","0","","0"
"4","公司业务流程图","template","manual_or_unknown","template","","0","0","","0"
"5","产品效果图 A","template","manual_or_unknown","template","","0","0","","0"
"6","实地厂房照片","template","manual_or_unknown","template","","0","0","","0"
"7","材料结构数据条目","data_standard","data_standard","data_standard","","0","0","","0"
"8","实验数据存储结构说明","data_standard","data_standard","data_standard","","0","0","","0"
"9","UiO-68-SMe-Pt","academic_paper","manual_or_unknown","academic_paper","","0","0","","0"
"10","ZJU-195([Cu2L(H2O)2])","academic_paper","manual_or_unknown","academic_paper","","0","0","","0"
"11","MOF-OH","academic_paper","manual_or_unknown","academic_paper","","0","0","","0"
"12","NKMOF-1-Ni","academic_paper","manual_or_unknown","academic_paper","","0","0","","0"
"13","Cu(I)-MOF(CuI@...)","academic_paper","manual_or_unknown","academic_paper","","0","0","","0"
"14","APPT-Cd","academic_paper","manual_or_unknown","academic_paper","","0","0","","0"
"15","UTSA-200","academic_paper","manual_or_unknown","academic_paper","","0","0","","0"
"16","MIL-100(Cr)","academic_paper","manual_or_unknown","academic_paper","","0","0","","0"
"17","TIFSIX-2-Cu-i","academic_paper","manual_or_unknown","academic_paper","","0","0","","0"
"18","Fe-MOF(Compound 1)","academic_paper","manual_or_unknown","academic_paper","","0","0","","0"
"19","NOTT-300","academic_paper","manual_or_unknown","academic_paper","","0","0","","0"
"20","Zn-MOF(FJI-H11)","academic_paper","manual_or_unknown","academic_paper","","0","0","","0"
"21","Cu-In/NU-907","academic_paper","manual_or_unknown","academic_paper","","0","0","","0"
"22","Rigid-Flexible MOF(Zn-btb-dmtrz)","sandbox_project","sandbox","sandbox_project","","0","0","","0"
"23","MFM-520","sandbox_project","sandbox","sandbox_project","","0","0","","0"
"24","MFM-190(NO2)","sandbox_project","sandbox","sandbox_project","","0","0","","0"
"25","Cu2(pzdc)2(pyz)","sandbox_project","sandbox","sandbox_project","","0","0","","0"
"26","NUM-15","sandbox_project","sandbox","sandbox_project","","0","0","","0"
"27","CAU-10-H","sandbox_project","sandbox","sandbox_project","","0","0","","0"
"28","Zn-CAT","sandbox_project","sandbox","sandbox_project","","0","0","","0"
"29","ZU-610a","sandbox_project","sandbox","sandbox_project","","0","0","","0"
"30","FJU-22a","sandbox_project","sandbox","sandbox_project","","0","0","","0"
"31","Zn-CAT 系列","sandbox_project","sandbox","sandbox_project","","0","0","","0"
"32","UTSA-74","sandbox_project","sandbox","sandbox_project","","0","0","","0"
"33","IPM-100","sandbox_project","sandbox","sandbox_project","","0","0","","0"
"34","ZNU-1","sandbox_project","sandbox","sandbox_project","","0","0","","0"
"35","Cu(OH)INA","sandbox_project","sandbox","sandbox_project","","0","0","","0"
"36","NTU-67","sandbox_project","sandbox","sandbox_project","","0","0","","0"
"37","UTSA-100","sandbox_project","sandbox","sandbox_project","","0","0","","0"
"38","BSF-1","sandbox_project","sandbox","sandbox_project","","0","0","","0"
"39","M'MOF-3","sandbox_project","sandbox","sandbox_project","","0","0","","0"
"40","HKUST-1","sandbox_project","sandbox","sandbox_project","","0","0","","0"
"41","In-MOF([In(dtztp)0.5...])","sandbox_project","sandbox","sandbox_project","","0","0","","0"
"42","SIFSIX 系列(SIFSIX-1/2/3...)","sandbox_project","sandbox","sandbox_project","","0","0","","0"
"43","Ca-MOF([Ca(dtztp)0.5])","sandbox_project","sandbox","sandbox_project","","0","0","","0"
"44","Cu(TMBP)Cl","sandbox_project","sandbox","sandbox_project","","0","0","","0"
"45","FJI-H8-R (R=Me, Et, Pr)","sandbox_project","sandbox","sandbox_project","","0","0","","0"
"46","MOF-74 系列(Mg, Co, Ni, Fe)","sandbox_project","sandbox","sandbox_project","","0","0","","0"
"47","CuI@UiO-66-(COOH)2","sandbox_project","sandbox","sandbox_project","","0","0","","0"
"48","可吸附乙炔的MOF文献清单","sandbox_project","sandbox","sandbox_project","","0","0","","0"
"49","Sandbox 6a4b3cf0f074402e3d11b1b3","sandbox_project","sandbox","sandbox_project","","0","0","","0"
"50","UTSA-74（Zn）合成与乙炔传感测试流程","sandbox_project","sandbox","sandbox_project","","0","0","","0"
"51","ESEDIQ_clean","sandbox_project","sandbox","sandbox_project","","0","0","","0"
"52","dot","sandbox_project","sandbox","sandbox_project","","0","0","","0"
"53","df96459f-5f3c-41cb-b235-2c4a0dc47be4_dataset.csv","sandbox_project","sandbox","sandbox_project","","0","0","","0"
"54","In3(OH)3(TATAB)2","sandbox_project","sandbox","sandbox_project","","0","0","","0"
"55","ZIF-8/ZnO-update-update-update-update","sandbox_project","sandbox","sandbox_project","","0","0","","0"
"56","CoNi-MOFs-update","sandbox_project","sandbox","sandbox_project","","0","0","","0"
"57","ESEDIQ_clean1","sandbox_project","sandbox","sandbox_project","","0","0","","0"
"58","dataset1.csv","sandbox_project","sandbox","sandbox_project","","0","0","","0"
"59","dataset.csv","sandbox_project","sandbox","sandbox_project","","0","0","","0"
"60","cxzbvx","sandbox_project","sandbox","sandbox_project","","0","0","","0"
"61","基于MOF的电阻型传感器-update","sandbox_project","sandbox","sandbox_project","","0","0","","0"
"62","变压器油特性分析和检测方法调研1","sandbox_project","sandbox","sandbox_project","","0","0","","0"
"63","dataset_small.csv-update-update-update","sandbox_project","sandbox","sandbox_project","","0","0","","0"
"64","乙炔传感MOF材料（UiO-68-SMe-Pt）合成与表征流程","sandbox_project","sandbox","sandbox_project","","0","0","","0"
"65","一种用于绝缘油C2H4气体检测传感器的气敏材料合成方案","sandbox_project","sandbox","sandbox_project","","0","0","","0"
"66","JAKBIJ_clean","sandbox_project","sandbox","sandbox_project","","0","0","","0"
"67","绝缘油C2H4气体检测传感器气敏材料合成方案","sandbox_project","sandbox","sandbox_project","","0","0","","0"
"68","数字资产导入流程（Dot类型）","sandbox_project","sandbox","sandbox_project","","0","0","","0"
"69","测试POST","sandbox_project","sandbox","sandbox_project","","0","0","","0"
"70","Ni/Co Ni-Pyz","sandbox_project","sandbox","sandbox_project","","0","0","","0"
"71","Cu3(HITP)2","sandbox_project","sandbox","sandbox_project","","0","0","","0"
"72","fum-fcu-MOF","sandbox_project","sandbox","sandbox_project","","0","0","","0"
"73","TMA-Co(II)/PDLA","sandbox_project","sandbox","sandbox_project","","0","0","","0"
"74","TCPP(Ni)-Co","sandbox_project","sandbox","sandbox_project","","0","0","","0"
"75","Co-MOF-74-TTF","sandbox_project","sandbox","sandbox_project","","0","0","","0"
"76","MOF6/Mxene","sandbox_project","sandbox","sandbox_project","","0","0","","0"
"77","MOF-5/CS/IL","sandbox_project","sandbox","sandbox_project","","0","0","","0"
"78","16 h Def-ZIF67","sandbox_project","sandbox","sandbox_project","","0","0","","0"
"79","MOF-808-EDTA-M","sandbox_project","sandbox","sandbox_project","","0","0","","0"
"80","MOF传感器文献清单","sandbox_project","sandbox","sandbox_project","","0","0","","0"
"81","测试POST2","sandbox_project","sandbox","sandbox_project","","0","0","","0"
"82","郑跃强-测试Post","sandbox_project","sandbox","sandbox_project","","0","0","","0"
"83","测试测试测试测试测试","sandbox_project","sandbox","sandbox_project","","0","0","","0"
"84","C₂H₂/C₂H₄ 选择性筛选方案-update","sandbox_project","sandbox","sandbox_project","","0","0","","0"
"85","测试POST1","sandbox_project","sandbox","sandbox_project","","0","0","","0"
"86","新建dATAset","sandbox_project","sandbox","sandbox_project","","0","0","","0"
"87","1111","sandbox_project","sandbox","sandbox_project","","0","0","","0"
"88","sdfsd","sandbox_project","sandbox","sandbox_project","","0","0","","0"
"89","CuI@UiO−66−(COOH)2","sandbox_project","sandbox","sandbox_project","","0","0","","0"
"90","Cu(TMBP)X","sandbox_project","sandbox","sandbox_project","","0","0","","0"
"91","SIFSIX 系列","sandbox_project","sandbox","sandbox_project","","0","0","","0"
"92","Ca-MOF","sandbox_project","sandbox","sandbox_project","","0","0","","0"
"93","FJI-H8","sandbox_project","sandbox","sandbox_project","","0","0","","0"
"94","In-MOF","sandbox_project","sandbox","sandbox_project","","0","0","","0"
"95","MOF-74 系列","sandbox_project","sandbox","sandbox_project","","0","0","","0"
"96","测试模板","template","manual_or_unknown","template","","0","0","","0"
"97","MOF-303小试放大预算和风险评估报告-2.0","template","local_file","mixed","laiguanxue/MOF-303小试放大预算和风险评估报告-2.0.docx","2","2","exact_title","0.9"
"98","MOF-303小试放大预算和风险评估报告-2.0","template","local_file","mixed","laiguanxue/MOF-303小试放大预算和风险评估报告-2.0.docx","2","2","exact_title","0.9"
"99","MOF-303小试放大预算和风险评估报告-2.0","template","local_file","mixed","laiguanxue/MOF-303小试放大预算和风险评估报告-2.0.docx","2","2","exact_title","0.9"
"100","MOFs材料机理2","academic_paper","local_file","ppt","laiguanxue/MOFs材料机理2.pptx","1","1","exact_title","0.9"
"101","Optimization of hydrothermal carbonization parameters of sugarcane residues for enhanced hydrochar fuel properties with ammonium adsorption assessment","academic_paper","local_file","pdf","zaozhi/1-s2.0-S0009250925013971-main.pdf","2","2","metadata_in_db","0.9"
"102","Extraction of high-purity lignin from the kraft pulping black liquor by enzyme purification process with alkaline-resistant xylanase and cellulase","academic_paper","local_file","pdf","zaozhi/1-s2.0-S0141813025001230-main.pdf","1","1","metadata_in_db","0.9"
"103","Evaluation of lignin and cellulose nanoparticles from bacterial-deconstructed sugarcane bagasse for effective quercetin delivery","academic_paper","local_file","pdf","zaozhi/1-s2.0-S0141813025086374-main.pdf","2","2","metadata_in_db","0.9"
"104","Sustainable and efficient valorization of sugarcane bagasse: Integrated conversion of holocellulose into acetone, butanol, and ethanol","academic_paper","local_file","pdf","zaozhi/1-s2.0-S0926669025015614-main.pdf","2","2","metadata_in_db","0.9"
"105","Development and characterization of gelatinized starch doped microcellulose paper from tender coconut ( Cocos nucifera L) husk","academic_paper","local_file","pdf","zaozhi/1-s2.0-S0957582024001381-main.pdf","1","1","metadata_in_db","0.9"
"106","Global optimization of multiply enzyme synergic treatment in the pulp and paper industry through machine learning methodology","academic_paper","local_file","pdf","zaozhi/1-s2.0-S0959652625013630-main.pdf","1","1","metadata_in_db","0.9"
"107","Valorization of agave bagasse as a bio-template for circular economy: Applications in energy conversion, metabolite production, and sustainable material synthesis","academic_paper","local_file","pdf","zaozhi/1-s2.0-S0961953425002089-main.pdf","2","2","metadata_in_db","0.9"
"108","Fermentation of sugarcane bagasse for production of value-added phenolic compounds using potential bacterial strains: A comparative analysis","academic_paper","local_file","pdf","zaozhi/1-s2.0-S0961953425005720-main.pdf","2","2","metadata_in_db","0.9"
"109","Integrated assessment of bio-oil catalytic hydrocracking for diesel and gasoline production in the sugarcane industry","academic_paper","local_file","pdf","zaozhi/1-s2.0-S0961953425006968-main.pdf","2","2","metadata_in_db","0.9"
"110","Maximizing wheat straw utilization: An integrated, near-zero-waste sequential biorefining approach","academic_paper","local_file","pdf","zaozhi/1-s2.0-S0961953425008979-main.pdf","2","2","metadata_in_db","0.9"
"111","Simultaneous enzymatic hydrolysis and bioconversion of deacetylated and disk refined sugarcane bagasse to single-cell protein: An experimental investigation and techno-economic analysis","academic_paper","local_file","pdf","zaozhi/1-s2.0-S1369703X25000646-main.pdf","2","2","metadata_in_db","0.9"
"112","Exploring exopolysaccharide production from sugarcane bagasse: Mechanisms and processes involving Leuconostoc mesenteroides","academic_paper","local_file","pdf","zaozhi/1-s2.0-S1385894725049903-main.pdf","2","2","metadata_in_db","0.9"
"113","Costing models for capacity optimization in Industry 4.0: Trade-off between used capacity and operational efficiency","academic_paper","local_file","pdf","zaozhi/1-s2.0-S2351978919303488-main.pdf","1","1","metadata_in_db","0.9"
"114","Agro-industrial waste valorization through solid-state fermentation by Lentinula edodes for high-protein and β-glucans flour development for human diet: Chemical characterization, drying kinetics evaluation, and bioaccessibility","academic_paper","local_file","pdf","zaozhi/1-s2.0-S2589014X25002361-main.pdf","2","2","metadata_in_db","0.9"
"115","Techno-economic evaluation of multiple product scenarios from pineapple leaf waste in integrated biorefinery","academic_paper","local_file","pdf","zaozhi/1-s2.0-S2589014X25003044-main.pdf","2","2","metadata_in_db","0.9"
"116","Sustainable lactic acid production: Optimization yield from sugarcane and beet molasses through fermentation","academic_paper","local_file","pdf","zaozhi/1-s2.0-S2590123025012368-main.pdf","2","2","metadata_in_db","0.9"
"117","Advances in safe processing of sugarcane and bagasse for the generation of biofuels and bioactive compounds","academic_paper","local_file","pdf","zaozhi/1-s2.0-S266615432300056X-main.pdf","2","2","metadata_in_db","0.9"
"118","2025-12-12甘蔗渣生物炼制与高值化利用场景验证平台","academic_paper","local_file","word","zaozhi/2025-12-12甘蔗渣生物炼制与高值化利用场景验证平台.docx","1","2","exact_title|fuzzy_title","0.9"
"119","2025-12-15甘蔗渣生物炼制与高值化利用场景验证平台","academic_paper","local_file","word","zaozhi/2025-12-15甘蔗渣生物炼制与高值化利用场景验证平台.docx","1","2","exact_title|fuzzy_title","0.9"
"120","Transparent Wood Fabrication and Applications: A Review","academic_paper","local_file","pdf","zaozhi/2025-Transparent wood.pdf","2","2","metadata_in_db","0.9"
"121","Enzyme Technology in the Food Industry: Molecular Mechanisms, Applications, and Sustainable Innovations","academic_paper","local_file","pdf","zaozhi/2025-enzyme-food.pdf","2","2","metadata_in_db","0.9"
"122","From black to green - A critical review of thermochemical valorization of black liquor","academic_paper","local_file","pdf","zaozhi/2025-ligini.pdf","2","2","metadata_in_db","0.9"
"123","A mini-review on lignin isolation and modification based on sorbent materials with porous nature as demulsifier for oil/water separations","academic_paper","local_file","pdf","zaozhi/2025-lignin-oiland water separate.pdf","2","2","metadata_in_db","0.9"
"124","Recent advances in generation of bioproducts from lignin: a comprehensive review","academic_paper","local_file","pdf","zaozhi/2025-lignin2.pdf","2","2","metadata_in_db","0.9"
"125","AlphaGEM Enables Precise Genome-Scale Metabolic Modelling by Integrating Protein Structure Alignment with deep-learning-based Dark Metabolism Mining","academic_paper","local_file","pdf","zaozhi/2025.07.21.665674v1.full.pdf","1","1","metadata_in_db","0.9"
"126","橙皮成分、生物聚合物提取及其在造纸与包装领域的应用：综述","academic_paper","local_file","pdf","zaozhi/2025_ Orange peel composition-mono.pdf","1","1","metadata_in_db","0.9"
"127","橙皮成分、生物聚合物提取及其在造纸与包装领域的应用：综述","academic_paper","local_file","pdf","zaozhi/2025_ Orange peel composition-mono.pdf","3","3","metadata_in_db","0.9"
"128","Chimeric enzymes in the pulp and paper making industry: Current developments","academic_paper","local_file","pdf","zaozhi/2025_Chimeric enzymes.pdf","3","3","metadata_in_db|pdf_title","0.9"
"129","Decarbonization pathways for the pulp and paper industry: A comprehensive review","academic_paper","local_file","pdf","zaozhi/2025_Decarbonization pathways.pdf","2","2","metadata_in_db","0.9"
"130","Preparation and applications of nanoparticles from lignocellulosic biomass: A review","academic_paper","local_file","pdf","zaozhi/2025_lignocellulosic biomass.pdf","2","2","metadata_in_db","0.9"
"131","Impact of oxyhydrogen-enriched, nano-doped microalgae biodiesel on diesel engine performance, emissions, and thermo-exergetic sustainability","academic_paper","local_file","pdf","zaozhi/2025_microalgae biodiesel.pdf","2","2","metadata_in_db","0.9"
"132","Use of industrial pulp and paper waste as agricultural inputs: A systematic literature review","academic_paper","local_file","pdf","zaozhi/2025_waste.pdf","2","2","metadata_in_db","0.9"
"133","高效低能耗发酵生产细菌纤维素技术","academic_paper","local_file","pdf","zaozhi/BC.pdf","1","1","metadata_in_db","0.9"
"134","CN201410834523.6_一种2,5-呋喃二甲酸的制备方法","patent","local_file","pdf","zaozhi/CN201410834523.6_一种2,5-呋喃二甲酸的制备方法.pdf","1","22","exact_title|fuzzy_title|fuzzy_title_low","0.9"
"135","CN201410834527.4_一种催化体系可循环使用的2,5-呋喃二甲醛的制备方法","patent","local_file","pdf","zaozhi/CN201410834527.4_一种催化体系可循环使用的2,5-呋喃二甲醛的制备方法.pdf","1","12","exact_title|fuzzy_title_low","0.9"
"136","CN201410834559.4_一种2,5-呋喃二甲醛的制备方法","patent","local_file","pdf","zaozhi/CN201410834559.4_一种2,5-呋喃二甲醛的制备方法.pdf","1","21","exact_title|fuzzy_title|fuzzy_title_low","0.9"
"137","CN201510616697.X_一种由生物质衍生物5-HMF或糠醛制备长链烷烃的方法","patent","local_file","pdf","zaozhi/CN201510616697.X_一种由生物质衍生物5-HMF或糠醛制备长链烷烃的方法.pdf","1","5","exact_title|fuzzy_title_low","0.9"
"138","CN201610040983.0_合成奈妥吡坦中间体杂质2-(3,5-双三氟甲基苯基)丙酸的方法","patent","local_file","pdf","zaozhi/CN201610040983.0_合成奈妥吡坦中间体杂质2-(3,5-双三氟甲基苯基)丙酸的方法.pdf","1","3","exact_title|fuzzy_title|fuzzy_title_low","0.9"
"139","CN201610101663.1_一种奈妥吡坦中间体的合成方法","patent","local_file","pdf","zaozhi/CN201610101663.1_一种奈妥吡坦中间体的合成方法.pdf","1","6","exact_title|fuzzy_title_low","0.9"
"140","CN201610101681.X_一种药物中间体的合成方法","patent","local_file","pdf","zaozhi/CN201610101681.X_一种药物中间体的合成方法.pdf","1","4","exact_title|fuzzy_title_low","0.9"
"141","CN201610101682.4_一种奈妥吡坦中间体2-(3,5-双三氟甲基苯基)-2-甲基丙酸的合成方法","patent","local_file","pdf","zaozhi/CN201610101682.4_一种奈妥吡坦中间体2-(3,5-双三氟甲基苯基)-2-甲基丙酸的合成方法.pdf","1","3","exact_title|fuzzy_title|fuzzy_title_low","0.9"
"142","CN201610326841.0_一种由糖制备5-羟甲基糠醛的方法","patent","local_file","pdf","zaozhi/CN201610326841.0_一种由糖制备5-羟甲基糠醛的方法.pdf","1","17","exact_title|fuzzy_title|fuzzy_title_low","0.9"
"143","CN201611079757.X_一种利用乙酰丙酸制备吡咯烷酮的方法","patent","local_file","pdf","zaozhi/CN201611079757.X_一种利用乙酰丙酸制备吡咯烷酮的方法.pdf","1","7","exact_title|fuzzy_title_low","0.9"
"144","Optimization of hydrothermal carbonization parameters of sugarcane residues for enhanced hydrochar fuel properties with ammonium adsorption assessment","academic_paper","local_file","pdf","zaozhi/1-s2.0-S0009250925013971-main.pdf","2","2","metadata_in_db","0.9"
"145","Extraction of high-purity lignin from the kraft pulping black liquor by enzyme purification process with alkaline-resistant xylanase and cellulase","academic_paper","local_file","pdf","zaozhi/1-s2.0-S0141813025001230-main.pdf","1","1","metadata_in_db","0.9"
"146","Evaluation of lignin and cellulose nanoparticles from bacterial-deconstructed sugarcane bagasse for effective quercetin delivery","academic_paper","local_file","pdf","zaozhi/1-s2.0-S0141813025086374-main.pdf","2","2","metadata_in_db","0.9"
"147","Sustainable and efficient valorization of sugarcane bagasse: Integrated conversion of holocellulose into acetone, butanol, and ethanol","academic_paper","local_file","pdf","zaozhi/1-s2.0-S0926669025015614-main.pdf","2","2","metadata_in_db","0.9"
"148","Development and characterization of gelatinized starch doped microcellulose paper from tender coconut ( Cocos nucifera L) husk","academic_paper","local_file","pdf","zaozhi/1-s2.0-S0957582024001381-main.pdf","1","1","metadata_in_db","0.9"
"149","Global optimization of multiply enzyme synergic treatment in the pulp and paper industry through machine learning methodology","academic_paper","local_file","pdf","zaozhi/1-s2.0-S0959652625013630-main.pdf","1","1","metadata_in_db","0.9"
"150","Valorization of agave bagasse as a bio-template for circular economy: Applications in energy conversion, metabolite production, and sustainable material synthesis","academic_paper","local_file","pdf","zaozhi/1-s2.0-S0961953425002089-main.pdf","2","2","metadata_in_db","0.9"
"151","Fermentation of sugarcane bagasse for production of value-added phenolic compounds using potential bacterial strains: A comparative analysis","academic_paper","local_file","pdf","zaozhi/1-s2.0-S0961953425005720-main.pdf","2","2","metadata_in_db","0.9"
"152","Integrated assessment of bio-oil catalytic hydrocracking for diesel and gasoline production in the sugarcane industry","academic_paper","local_file","pdf","zaozhi/1-s2.0-S0961953425006968-main.pdf","2","2","metadata_in_db","0.9"
"153","Maximizing wheat straw utilization: An integrated, near-zero-waste sequential biorefining approach","academic_paper","local_file","pdf","zaozhi/1-s2.0-S0961953425008979-main.pdf","2","2","metadata_in_db","0.9"
"154","Simultaneous enzymatic hydrolysis and bioconversion of deacetylated and disk refined sugarcane bagasse to single-cell protein: An experimental investigation and techno-economic analysis","academic_paper","local_file","pdf","zaozhi/1-s2.0-S1369703X25000646-main.pdf","2","2","metadata_in_db","0.9"
"155","Exploring exopolysaccharide production from sugarcane bagasse: Mechanisms and processes involving Leuconostoc mesenteroides","academic_paper","local_file","pdf","zaozhi/1-s2.0-S1385894725049903-main.pdf","2","2","metadata_in_db","0.9"
"156","Costing models for capacity optimization in Industry 4.0: Trade-off between used capacity and operational efficiency","academic_paper","local_file","pdf","zaozhi/1-s2.0-S2351978919303488-main.pdf","1","1","metadata_in_db","0.9"
"157","Agro-industrial waste valorization through solid-state fermentation by Lentinula edodes for high-protein and β-glucans flour development for human diet: Chemical characterization, drying kinetics evaluation, and bioaccessibility","academic_paper","local_file","pdf","zaozhi/1-s2.0-S2589014X25002361-main.pdf","2","2","metadata_in_db","0.9"
"158","Techno-economic evaluation of multiple product scenarios from pineapple leaf waste in integrated biorefinery","academic_paper","local_file","pdf","zaozhi/1-s2.0-S2589014X25003044-main.pdf","2","2","metadata_in_db","0.9"
"159","Sustainable lactic acid production: Optimization yield from sugarcane and beet molasses through fermentation","academic_paper","local_file","pdf","zaozhi/1-s2.0-S2590123025012368-main.pdf","2","2","metadata_in_db","0.9"
"160","Advances in safe processing of sugarcane and bagasse for the generation of biofuels and bioactive compounds","academic_paper","local_file","pdf","zaozhi/1-s2.0-S266615432300056X-main.pdf","2","2","metadata_in_db","0.9"
"161","2025-12-12甘蔗渣生物炼制与高值化利用场景验证平台","academic_paper","local_file","word","zaozhi/2025-12-12甘蔗渣生物炼制与高值化利用场景验证平台.docx","1","2","exact_title|fuzzy_title","0.9"
"162","2025-12-15甘蔗渣生物炼制与高值化利用场景验证平台","academic_paper","local_file","word","zaozhi/2025-12-15甘蔗渣生物炼制与高值化利用场景验证平台.docx","1","2","exact_title|fuzzy_title","0.9"
"163","Transparent Wood Fabrication and Applications: A Review","academic_paper","local_file","pdf","zaozhi/2025-Transparent wood.pdf","2","2","metadata_in_db","0.9"
"164","Enzyme Technology in the Food Industry: Molecular Mechanisms, Applications, and Sustainable Innovations","academic_paper","local_file","pdf","zaozhi/2025-enzyme-food.pdf","2","2","metadata_in_db","0.9"
"165","From black to green - A critical review of thermochemical valorization of black liquor","academic_paper","local_file","pdf","zaozhi/2025-ligini.pdf","2","2","metadata_in_db","0.9"
"166","A mini-review on lignin isolation and modification based on sorbent materials with porous nature as demulsifier for oil/water separations","academic_paper","local_file","pdf","zaozhi/2025-lignin-oiland water separate.pdf","2","2","metadata_in_db","0.9"
"167","Recent advances in generation of bioproducts from lignin: a comprehensive review","academic_paper","local_file","pdf","zaozhi/2025-lignin2.pdf","2","2","metadata_in_db","0.9"
"168","AlphaGEM Enables Precise Genome-Scale Metabolic Modelling by Integrating Protein Structure Alignment with deep-learning-based Dark Metabolism Mining","academic_paper","local_file","pdf","zaozhi/2025.07.21.665674v1.full.pdf","1","1","metadata_in_db","0.9"
"169","橙皮成分、生物聚合物提取及其在造纸与包装领域的应用：综述","academic_paper","local_file","pdf","zaozhi/2025_ Orange peel composition-mono.pdf","1","1","metadata_in_db","0.9"
"170","橙皮成分、生物聚合物提取及其在造纸与包装领域的应用：综述","academic_paper","local_file","pdf","zaozhi/2025_ Orange peel composition-mono.pdf","3","3","metadata_in_db","0.9"
"171","Chimeric enzymes in the pulp and paper making industry: Current developments","academic_paper","local_file","pdf","zaozhi/2025_Chimeric enzymes.pdf","3","3","metadata_in_db|pdf_title","0.9"
"172","Decarbonization pathways for the pulp and paper industry: A comprehensive review","academic_paper","local_file","pdf","zaozhi/2025_Decarbonization pathways.pdf","2","2","metadata_in_db","0.9"
"173","Preparation and applications of nanoparticles from lignocellulosic biomass: A review","academic_paper","local_file","pdf","zaozhi/2025_lignocellulosic biomass.pdf","2","2","metadata_in_db","0.9"
"174","Impact of oxyhydrogen-enriched, nano-doped microalgae biodiesel on diesel engine performance, emissions, and thermo-exergetic sustainability","academic_paper","local_file","pdf","zaozhi/2025_microalgae biodiesel.pdf","2","2","metadata_in_db","0.9"
"175","Use of industrial pulp and paper waste as agricultural inputs: A systematic literature review","academic_paper","local_file","pdf","zaozhi/2025_waste.pdf","2","2","metadata_in_db","0.9"
"176","高效低能耗发酵生产细菌纤维素技术","academic_paper","local_file","pdf","zaozhi/BC.pdf","1","1","metadata_in_db","0.9"
"177","CN201410834523.6_一种2,5-呋喃二甲酸的制备方法","patent","local_file","pdf","zaozhi/CN201410834523.6_一种2,5-呋喃二甲酸的制备方法.pdf","1","22","exact_title|fuzzy_title|fuzzy_title_low","0.9"
"178","CN201410834527.4_一种催化体系可循环使用的2,5-呋喃二甲醛的制备方法","patent","local_file","pdf","zaozhi/CN201410834527.4_一种催化体系可循环使用的2,5-呋喃二甲醛的制备方法.pdf","1","12","exact_title|fuzzy_title_low","0.9"
"179","CN201410834559.4_一种2,5-呋喃二甲醛的制备方法","patent","local_file","pdf","zaozhi/CN201410834559.4_一种2,5-呋喃二甲醛的制备方法.pdf","1","21","exact_title|fuzzy_title|fuzzy_title_low","0.9"
"180","CN201510616697.X_一种由生物质衍生物5-HMF或糠醛制备长链烷烃的方法","patent","local_file","pdf","zaozhi/CN201510616697.X_一种由生物质衍生物5-HMF或糠醛制备长链烷烃的方法.pdf","1","5","exact_title|fuzzy_title_low","0.9"
"181","CN201610040983.0_合成奈妥吡坦中间体杂质2-(3,5-双三氟甲基苯基)丙酸的方法","patent","local_file","pdf","zaozhi/CN201610040983.0_合成奈妥吡坦中间体杂质2-(3,5-双三氟甲基苯基)丙酸的方法.pdf","1","3","exact_title|fuzzy_title|fuzzy_title_low","0.9"
"182","CN201610101663.1_一种奈妥吡坦中间体的合成方法","patent","local_file","pdf","zaozhi/CN201610101663.1_一种奈妥吡坦中间体的合成方法.pdf","1","6","exact_title|fuzzy_title_low","0.9"
"183","CN201610101681.X_一种药物中间体的合成方法","patent","local_file","pdf","zaozhi/CN201610101681.X_一种药物中间体的合成方法.pdf","1","4","exact_title|fuzzy_title_low","0.9"
"184","CN201610101682.4_一种奈妥吡坦中间体2-(3,5-双三氟甲基苯基)-2-甲基丙酸的合成方法","patent","local_file","pdf","zaozhi/CN201610101682.4_一种奈妥吡坦中间体2-(3,5-双三氟甲基苯基)-2-甲基丙酸的合成方法.pdf","1","3","exact_title|fuzzy_title|fuzzy_title_low","0.9"
"185","CN201610326841.0_一种由糖制备5-羟甲基糠醛的方法","patent","local_file","pdf","zaozhi/CN201610326841.0_一种由糖制备5-羟甲基糠醛的方法.pdf","1","17","exact_title|fuzzy_title|fuzzy_title_low","0.9"
"186","CN201611079757.X_一种利用乙酰丙酸制备吡咯烷酮的方法","patent","local_file","pdf","zaozhi/CN201611079757.X_一种利用乙酰丙酸制备吡咯烷酮的方法.pdf","1","7","exact_title|fuzzy_title_low","0.9"
"187","CN201611116066.2_一种γ‑己内酯的制备方法","patent","local_file","pdf","zaozhi/CN201611116066.2_一种γ‑己内酯的制备方法.pdf","1","18","exact_title|fuzzy_title_low","0.9"
"188","CN201611131088.6_一种由γ‑戊内酯制备戊酸及戊酸酯的方法","patent","local_file","pdf","zaozhi/CN201611131088.6_一种由γ‑戊内酯制备戊酸及戊酸酯的方法.pdf","1","13","exact_title|fuzzy_title|fuzzy_title_low","0.9"
"189","CN201611131667.0_一种由乙酰丙酸制备戊酸及戊酸酯的方法","patent","local_file","pdf","zaozhi/CN201611131667.0_一种由乙酰丙酸制备戊酸及戊酸酯的方法.pdf","1","10","exact_title|fuzzy_title|fuzzy_title_low","0.9"
"190","CN201710079914.5_一种2,5‑呋喃二甲醛的制备方法","patent","local_file","pdf","zaozhi/CN201710079914.5_一种2,5‑呋喃二甲醛的制备方法.pdf","1","27","exact_title|fuzzy_title|fuzzy_title_low","0.9"
"191","CN201710389333.1_一种噻唑‑4‑甲酸的制备方法","patent","local_file","pdf","zaozhi/CN201710389333.1_一种噻唑‑4‑甲酸的制备方法.pdf","1","13","exact_title|fuzzy_title_low","0.9"
"192","CN201710396195.X_一种美罗培南侧链中间体硫醇内酯的制备方法","patent","local_file","pdf","zaozhi/CN201710396195.X_一种美罗培南侧链中间体硫醇内酯的制备方法.pdf","1","2","exact_title|fuzzy_title_low","0.9"
"193","CN201710768965.9_一种正癸酸的制备方法","patent","local_file","pdf","zaozhi/CN201710768965.9_一种正癸酸的制备方法.pdf","1","18","exact_title|fuzzy_title_low","0.9"
"194","CN201810320426.3_一种1,13-十三烷二醇酯及其1,13-十三烷二醇的制备方法","patent","local_file","pdf","zaozhi/CN201810320426.3_一种1,13-十三烷二醇酯及其1,13-十三烷二醇的制备方法.pdf","1","6","exact_title|fuzzy_title_low","0.9"
"195","CN201810916648.1_一种二氟磷酸锂的生产装置及生产方法","patent","local_file","pdf","zaozhi/CN201810916648.1_一种二氟磷酸锂的生产装置及生产方法.pdf","1","4","exact_title|fuzzy_title|fuzzy_title_low","0.9"
"196","CN201821301208.7_一种二氟磷酸锂的生产装置","patent","local_file","pdf","zaozhi/CN201821301208.7_一种二氟磷酸锂的生产装置.pdf","1","2","exact_title|fuzzy_title","0.9"
"197","CN201910695504.2_一种对羟基苯海因的制备方法","patent","local_file","pdf","zaozhi/CN201910695504.2_一种对羟基苯海因的制备方法.pdf","1","13","exact_title|fuzzy_title_low","0.9"
"198","CN202110399634.9_一种生物基隔膜涂敷液及其制备方法和在锂电池中的应用","patent","local_file","pdf","zaozhi/CN202110399634.9_一种生物基隔膜涂敷液及其制备方法和在锂电池中的应用.pdf","1","3","exact_title|fuzzy_title_low","0.9"
"199","CN202110400674.0_一种基于生物质呋喃基聚合物的锂电池隔膜及其制备方法","patent","local_file","pdf","zaozhi/CN202110400674.0_一种基于生物质呋喃基聚合物的锂电池隔膜及其制备方法.pdf","1","3","exact_title|fuzzy_title_low","0.9"
"200","CN202110400675.5_一种S-(+)-3-羟基四氢呋喃的纯化和异构体检测方法","patent","local_file","pdf","zaozhi/CN202110400675.5_一种S-(+)-3-羟基四氢呋喃的纯化和异构体检测方法.pdf","1","3","exact_title|fuzzy_title_low","0.9"
"201","CN202110448463.4_一种高手性纯度(S)-1-(2-氯乙酰基)吡咯烷-2-甲腈的制备方法","patent","local_file","pdf","zaozhi/CN202110448463.4_一种高手性纯度(S)-1-(2-氯乙酰基)吡咯烷-2-甲腈的制备方法.pdf","1","3","exact_title|fuzzy_title_low","0.9"
"202","CN202111026582.7_一种酪氨酸激酶抑制剂关键中间体的合成方法","patent","local_file","pdf","zaozhi/CN202111026582.7_一种酪氨酸激酶抑制剂关键中间体的合成方法.pdf","1","4","exact_title|fuzzy_title|fuzzy_title_low","0.9"
"203","CN202111368937.0_一种吡咯吡啶激酶抑制剂关键中间体的合成方法","patent","local_file","pdf","zaozhi/CN202111368937.0_一种吡咯吡啶激酶抑制剂关键中间体的合成方法.pdf","1","4","exact_title|fuzzy_title|fuzzy_title_low","0.9"
"204","CN202111478797.2_一种纯呋喃基聚合物膜材料及其在锂电池中的应用","patent","local_file","pdf","zaozhi/CN202111478797.2_一种纯呋喃基聚合物膜材料及其在锂电池中的应用.pdf","1","3","exact_title|fuzzy_title_low","0.9"
"205","CN202210424424.5_一种由5-羟甲基糠醛制备2,5-呋喃二甲酸的生产方法","patent","local_file","pdf","zaozhi/CN202210424424.5_一种由5-羟甲基糠醛制备2,5-呋喃二甲酸的生产方法.pdf","1","21","exact_title|fuzzy_title|fuzzy_title_low","0.9"
"206","CN202210493713.0_一种高纯度5-羟甲基糠醛的制备方法","patent","local_file","pdf","zaozhi/CN202210493713.0_一种高纯度5-羟甲基糠醛的制备方法.pdf","1","14","exact_title|fuzzy_title|fuzzy_title_low","0.9"
"207","CN202210877671.0_一种无金属催化果糖一锅法制备呋喃二甲酸的方法","patent","local_file","pdf","zaozhi/CN202210877671.0_一种无金属催化果糖一锅法制备呋喃二甲酸的方法.pdf","1","9","exact_title|fuzzy_title_low","0.9"
"208","CN202211173701.6_法匹拉韦中间体3,6-二氟-2-吡嗪甲腈的制备方法","patent","local_file","pdf","zaozhi/CN202211173701.6_法匹拉韦中间体3,6-二氟-2-吡嗪甲腈的制备方法.pdf","1","1","exact_title","0.9"
"209","CN202211414220.X_一种5-羟甲基糠醛的制备方法","patent","local_file","pdf","zaozhi/CN202211414220.X_一种5-羟甲基糠醛的制备方法.pdf","1","21","exact_title|fuzzy_title|fuzzy_title_low","0.9"
"210","CN202311420375.9_一种5-羟甲基糠醛的制备方法","patent","local_file","pdf","zaozhi/CN202311420375.9_一种5-羟甲基糠醛的制备方法.pdf","1","19","exact_title|fuzzy_title|fuzzy_title_low","0.9"
"211","CN202311732340.9_一种5-羟甲基糠醛的合成方法","patent","local_file","pdf","zaozhi/CN202311732340.9_一种5-羟甲基糠醛的合成方法.pdf","1","10","exact_title|fuzzy_title|fuzzy_title_low","0.9"
"212","CN202410337429.3_催化5-羟甲基糠醛合成2,5-二羟甲基四氢呋喃的方法","patent","local_file","pdf","zaozhi/CN202410337429.3_催化5-羟甲基糠醛合成2,5-二羟甲基四氢呋喃的方法.pdf","1","9","exact_title|fuzzy_title_low","0.9"
"213","CN202410455919.3_一种2,5-呋喃二甲酸颗粒及其制备方法和应用","patent","local_file","pdf","zaozhi/CN202410455919.3_一种2,5-呋喃二甲酸颗粒及其制备方法和应用.pdf","1","11","exact_title|fuzzy_title_low","0.9"
"214","CN202411727615.4_一种生物基聚酰胺纳滤膜及其应用","patent","local_file","pdf","zaozhi/CN202411727615.4_一种生物基聚酰胺纳滤膜及其应用.pdf","1","1","exact_title","0.9"
"215","CN202510726786.3_一种呋喃二甲酸的合成方法","patent","local_file","pdf","zaozhi/CN202510726786.3_一种呋喃二甲酸的合成方法.pdf","1","11","exact_title|fuzzy_title_low","0.9"
"216","CN202511322703.0_一种5-羟甲基糠醛的纯化方法","patent","local_file","pdf","zaozhi/CN202511322703.0_一种5-羟甲基糠醛的纯化方法.pdf","1","10","exact_title|fuzzy_title|fuzzy_title_low","0.9"
"217","EP24203247.2_METHOD FOR PREPARING 5-HYDROXYMETHYLFURFURAL","academic_paper","local_file","pdf","zaozhi/EP24203247.2_METHOD FOR PREPARING 5-HYDROXYMETHYLFURFURAL.pdf","1","3","exact_title|fuzzy_title","0.9"
"218","Techno‐Economic Assessment of Biofuels Production From Sugarcane Bagasse","academic_paper","local_file","pdf","zaozhi/Energy Science   Engineering - 2025 - Buthelezi - Techno‐Economic Assessment of Biofuels Production From Sugarcane Bagasse.pdf","2","2","metadata_in_db","0.9"
"219","Engineering Ligninolytic Consortium for Bioconversion of Lignocelluloses to Ethanol and Chemicals","academic_paper","local_file","pdf","zaozhi/Engineering Ligninolytic Consortium for Bioconversion of Lignocelluloses to Ethanol and Chemicals(科研通-ablesci.com).pdf","1","1","metadata_in_db","0.9"
"220","Green synthesis of ZnO-NPs using sugarcane bagasse waste: phytochemical assessment of extract and biological study of nanoparticles","academic_paper","local_file","pdf","zaozhi/Green synthesis of ZnO-NPs using sugarcane bagasse waste_ Phytochemical assessment of extract and biological study of nanopartic(科研通-ablesci.com).pdf","2","2","metadata_in_db","0.9"
"221","JP2024145580_５－ヒドロキシメチルフルフラールの製造方法","academic_paper","local_file","pdf","zaozhi/JP2024145580_５－ヒドロキシメチルフルフラールの製造方法.pdf","1","1","exact_title","0.9"
"222","Bio-packaging based on a composite of paper waste and coconut fiber","academic_paper","local_file","pdf","zaozhi/Noor_2020_IOP_Conf._Ser.__Earth_Environ._Sci._599_012051.pdf","1","1","metadata_in_db","0.9"
"223","DeepEnzyme: a robust deep learning model for improved enzyme turnover number prediction by utilizing features of protein 3D-structures","academic_paper","local_file","pdf","zaozhi/bbae409.pdf","1","1","metadata_in_db","0.9"
"224","bio-based paper&pulp by MQE 2025.10.29","template","local_file","ppt","zaozhi/bio-based paper&pulp by MQE 2025.10.29.pptx","1","6","exact_title|fuzzy_title|fuzzy_title_low","0.9"
"225","bio-based paper&pulp by MQE 2025.10.30","academic_paper","local_file","mixed","zaozhi/bio-based paper&pulp by MQE 2025.10.30.pdf","2","6","exact_title|fuzzy_title|fuzzy_title_low","0.9"
"226","bio-based paper&pulp by MQE 2025.10.30","template","local_file","mixed","zaozhi/bio-based paper&pulp by MQE 2025.10.30.pdf","2","6","exact_title|fuzzy_title|fuzzy_title_low","0.9"
"227","bio-based paper&pulp by MQE 2025.10.31","template","local_file","ppt","zaozhi/bio-based paper&pulp by MQE 2025.10.31.pptx","1","6","exact_title|fuzzy_title|fuzzy_title_low","0.9"
"228","bio-based paper&pulp by MQE 2025.10","template","local_file","ppt","zaozhi/bio-based paper&pulp by MQE 2025.10.pptx","1","6","exact_title|fuzzy_title|fuzzy_title_low","0.9"
"229","Enzyme Applications in Pulp and Paper","academic_paper","local_file","pdf","zaozhi/csirEnzymeApplicationsinPulpandPaperrav.pdf","1","3","metadata_in_db|fuzzy_title_low","0.9"
"230","非粮生物基材料产业创新发展典型案例入围名单（公示稿）","academic_paper","local_file","pdf","zaozhi/f2121195da604aab89e06cbdd8b6cc43.pdf","1","1","metadata_in_db","0.9"
"231","Optimizing COD removal, lignin degradation and electricity generation from pulp and paper industry wastewater by CW-MFC using box-behnken design","academic_paper","local_file","pdf","zaozhi/fenrg-4-1549247.pdf","1","1","metadata_in_db","0.9"
"232","Lactic Acid Production from Steam-Exploded Sugarcane Bagasse Using Bacillus coagulans DSM2314","academic_paper","local_file","pdf","zaozhi/fermentation-09-00789.pdf","2","4","metadata_in_db|fuzzy_title_low","0.9"
"233","Sugarcane Bagasse: A Sustainable Feedstock for Biorefinery Portfolios in South Africa","academic_paper","local_file","pdf","zaozhi/fermentation-11-00489.pdf","2","2","metadata_in_db","0.9"
"234","Glycerol bioconversion to biofuel and value-added products by yeasts","academic_paper","local_file","pdf","zaozhi/foaf038.pdf","2","2","metadata_in_db","0.9"
"235","Corn Steep Liquor as an Efficient Bioresource for Functional Components Production by Biotransformation Technology","academic_paper","local_file","pdf","zaozhi/foods-14-02158.pdf","2","2","metadata_in_db","0.9"
"236","The Importance of Molecular Size, Concentration, and Thermal Conditions in Enhancing Lignin Derivatives' Interactions with Skin-like Membranes: Implications for Cosmetic and Therapeutic Applications","academic_paper","local_file","pdf","zaozhi/ijms-26-09906-v2.pdf","2","2","metadata_in_db","0.9"
"237","Mechanical and Structural Properties of Biocomposites Reinforced with Bagasse Fibers from Sugarcane Overexpressing Sucrose Synthesis","academic_paper","local_file","pdf","zaozhi/jcs-09-00503.pdf","2","2","metadata_in_db","0.9"
"238","jingxing-驱动","template","local_file","ppt","zaozhi/jingxing-驱动.pptx","1","1","exact_title","0.9"
"239","Lactic Acid Production from Sugarcane Bagasse Hydrolysates by Lactiplantibacillus Strains","academic_paper","local_file","pdf","zaozhi/lactic-acid-production-from-sugarcane-bagasse-hydrolysates-by-lactiplantibacillus-strains.pdf","2","2","metadata_in_db","0.9"
"240","Status and trends of enzyme cocktails for efficient and ecological production in the pulp and paper industry","academic_paper","local_file","pdf","zaozhi/main.pdf","2","2","metadata_in_db","0.9"
"241","Chimeric enzymes in the pulp and paper making industry: Current developments","academic_paper","local_file","pdf","zaozhi/2025_Chimeric enzymes.pdf","3","3","pdf_title|metadata_in_db","0.9"
"242","A unique Equisetum enzyme, hetero-trans-β-glucanase (HTG), enhances industrially and environmentally important cellulose-rich materials","academic_paper","local_file","pdf","zaozhi/main3.pdf","1","1","metadata_in_db","0.9"
"243","Maximizing Polylactic Acid Bioplastic Yield from Lactobacillus rhamnosus L6 via Response Surface Methodology: Evaluating Antimicrobial Effectiveness, Physical, and Chemical Properties of PLA","academic_paper","local_file","pdf","zaozhi/maximizing-polylactic-acid-bioplastic-yield-from-lactobacillus-rhamnosus-l6-via-response-surface-methodology-evaluating.pdf","2","2","metadata_in_db","0.9"
"244","论文摘要检索合集（paper_retrieval）","academic_paper","local_file","pdf","zaozhi/paper_retrieval.pdf","2","2","metadata_in_db","0.9"
"245","Advances in L-Lactic Acid Production from Lignocellulose Using Genetically Modified Microbial Systems","academic_paper","local_file","pdf","zaozhi/polymers-17-00322.pdf","2","2","metadata_in_db","0.9"
"246","Innovations in papermaking using enzymatic intervention: an ecofriendly approach","academic_paper","local_file","pdf","zaozhi/s10570-023-05333-2.pdf","1","1","metadata_in_db","0.9"
"247","Coconut husk: A sustainable solution for eco-friendly packaging applications","academic_paper","local_file","pdf","zaozhi/s10668-024-05154-8.pdf","1","1","metadata_in_db","0.9"
"248","Nonsterile Lactic Acid Production from Pulse Husks","academic_paper","local_file","pdf","zaozhi/s12649-025-03057-x.pdf","2","3","metadata_in_db|id_token","0.9"
"249","Synergistic cell-free enzyme cocktails for enhanced fiber matrix development: improving dewatering, strength, and decarbonization in the paper industry","academic_paper","local_file","pdf","zaozhi/s13068-025-02646-1.pdf","1","1","metadata_in_db","0.9"
"250","Valorization of waste from coconut palm cultivation as source of cellulose to papermaking","academic_paper","local_file","pdf","zaozhi/s13762-024-06270-8.pdf","1","1","metadata_in_db","0.9"
"251","Blasting extrusion pretreatment of sweet sorghum bagasse for enhanced enzymatic saccharification and ethanol production using Pichia kudriavzevii ATCC 20,381","academic_paper","local_file","pdf","zaozhi/s40643-025-00905-5.pdf","2","2","metadata_in_db","0.9"
"252","Transforming waste into value: Single-step in situ synthesis of magnetic porous carbon composite adsorbents from sugarcane bagasse and iron scrap","academic_paper","local_file","pdf","zaozhi/s41598-025-00610-5.pdf","2","2","metadata_in_db","0.9"
"253","Advancements in sustainable lactic acid production: revolutionizing biorefineries by harnessing genetically engineered LAB and lignocellulosic biomass","academic_paper","local_file","pdf","zaozhi/s42452-025-07560-7.pdf","2","2","metadata_in_db","0.9"
"254","Yeast9: a consensus genome-scale metabolic model for S. cerevisiae curated by the community","academic_paper","local_file","pdf","zaozhi/s44320-024-00060-7.pdf","1","1","metadata_in_db","0.9"
"255","Coconut Waste: Discovering Sustainable Approaches to Advance a Circular Economy","academic_paper","local_file","pdf","zaozhi/sustainability-16-03066.pdf","1","1","metadata_in_db","0.9"
"256","Sustainable Production of High-Performance Bioplastics from Agricultural and Industrial Biomass Waste by Integrating Deep Eutectic Solvent (DES) Pretreatment and Acetylation Processes","academic_paper","local_file","pdf","zaozhi/sustainable-production-of-high-performance-bioplastics-from-agricultural-and-industrial-biomass-waste-by-integrating.pdf","2","2","metadata_in_db","0.9"
"257","Technoeconomics of Sugar Cane Bagasse Valorization to Lactic Acid Using Pinch Technology: Distillation vs Reactive Distillation","academic_paper","local_file","pdf","zaozhi/technoeconomics-of-sugar-cane-bagasse-valorization-to-lactic-acid-using-pinch-technology-distillation-vs-reactive.pdf","2","2","metadata_in_db","0.9"
"258","Transition to a Circular Bioeconomy in the Sugar Agro-Industry: Predictive Modeling to Estimate the Energy Potential of By-Products","academic_paper","local_file","pdf","zaozhi/technologies-13-00238.pdf","2","2","metadata_in_db","0.9"
"259","关于造纸酶的产业化导向","academic_paper","local_file","word","zaozhi/关于造纸酶的产业化导向.docx","2","2","exact_title|metadata_in_db","0.9"
"260","关于造纸酶的产业化导向_V2","academic_paper","local_file","word","zaozhi/关于造纸酶的产业化导向_V2.docx","1","2","exact_title|fuzzy_title","0.9"
"261","参观准备","academic_paper","local_file","word","zaozhi/参观准备.docx","1","1","exact_title","0.9"
"262","合成生物学研究员-造纸","academic_paper","local_file","word","zaozhi/合成生物学研究员-造纸.docx","1","1","exact_title","0.9"
"263","市售产品","template","local_file","ppt","zaozhi/市售产品.pptx","1","1","exact_title","0.9"
"264","平台设计_v1.0","academic_paper","local_file","word","zaozhi/平台设计_v1.0.docx","1","1","exact_title","0.9"
"265","方向评估","academic_paper","local_file","word","zaozhi/方向评估.docx","1","1","exact_title","0.9"
"266","景兴纸业初次沟通材料-v1.0","template","local_file","ppt","zaozhi/景兴纸业初次沟通材料-v1.0.pptx","1","4","exact_title|fuzzy_title|fuzzy_title_low","0.9"
"267","景兴纸业沟通材料-v0.5","academic_paper","local_file","word","zaozhi/景兴纸业沟通材料-v0.5.docx","1","4","exact_title|fuzzy_title|fuzzy_title_low","0.9"
"268","景兴纸业沟通材料-v1.0","academic_paper","local_file","word","zaozhi/景兴纸业沟通材料-v1.0.docx","1","4","exact_title|fuzzy_title","0.9"
"269","景兴纸业沟通材料-v2.0","academic_paper","local_file","word","zaozhi/景兴纸业沟通材料-v2.0.docx","1","4","exact_title|fuzzy_title","0.9"
"270","木质素","academic_paper","local_file","pdf","zaozhi/木质素.pdf","1","1","exact_title","0.9"
"271","机器学习驱动的基因组规模代谢模型构建与优化","academic_paper","local_file","pdf","zaozhi/机器学习驱动的基因组规模代谢模型构建与优化.pdf","1","1","exact_title","0.9"
"272","椰树-造纸","academic_paper","local_file","pdf","zaozhi/椰树-造纸.pdf","1","2","exact_title|fuzzy_title","0.9"
"273","椰树造纸分析","academic_paper","local_file","word","zaozhi/椰树造纸分析.docx","1","2","exact_title|fuzzy_title","0.9"
"274","生物智能体-完整路线","template","local_file","ppt","zaozhi/生物智能体-完整路线.pptx","1","1","exact_title","0.9"
"275","硬碳材料","academic_paper","local_file","pdf","zaozhi/硬碳材料.pdf","1","1","exact_title","0.9"
"276","荣晟bio-based paper&pulp by MQE 2025.11.25","template","local_file","ppt","zaozhi/荣晟bio-based paper&pulp by MQE 2025.11.25.pptx","1","6","exact_title|fuzzy_title_low","0.9"
"277","荣晟造纸拜访 2025.11.26","template","local_file","ppt","zaozhi/荣晟造纸拜访 2025.11.26.pptx","1","1","exact_title","0.9"
"278","Demo上传测试文档（示例）","handwritten_note","handwritten","handwritten_note","","0","0","","0"
"279","Friday Demo - Upload Test","handwritten_note","handwritten","handwritten_note","","0","0","","0"
"280","Friday Demo Upload Test","handwritten_note","handwritten","handwritten_note","","0","0","","0"
"281","Friday Check","handwritten_note","handwritten","handwritten_note","","0","0","","0"
"282","Friday File Upload","handwritten_note","handwritten","handwritten_note","","0","0","","0"
"283","MOF-VOCs市场深度评估报告","business_material","local_file","pdf","reports/MOF-VOCs市场深度评估报告.pdf","1","1","exact_title","0.9"
"284","飞书文档-知识库首页","academic_paper","doi_crossref","academic_paper","","0","0","","0"
"287","SAGE: A Self-Evolving Agentic Graph-Memory Engine for Structure-Aware Associative Memory","academic_paper","arxiv_local_pdf","arxiv_pdf","2605.12061v1.pdf","0","0","","0"
"295","关于造纸酶的产业化导向","handwritten_note","local_file","word","关于造纸酶的产业化导向_V2.docx","2","2","exact_title|source_summary","0.9"
"296","vscode wiki 开发记录","sandbox_project","local_file","word","vscode wiki.docx","0","0","","0"
"297","wiki 数据需求","handwritten_note","local_file","word","wiki 数据需求.docx","0","0","","0"
"301","关于造纸酶的产业化导向","business_material","local_file","word","关于造纸酶的产业化导向.docx","2","2","exact_title|source_file_variant","0.9"
"303","MOF-303小试放大预算和风险评估报告","tech_doc","local_file","word","MOF-303小试放大预算和风险评估报告-2.0.docx","2","2","source_summary","0.9"
"304","MOF-303小试放大预算和风险评估报告","tech_doc","local_file","pdf","MOF-303小试放大预算和风险评估报告-2.0.pdf","2","2","source_summary","0.9"
"306","OpenViking 对 MicroEra-Wiki 的可参考设计","tech_doc","local_file","text","prompt.txt","0","0","","0"
"307","大宗购买-泰坦报价","tech_doc","local_file","excel","大宗购买-泰坦报价.xlsx","1","1","exact_title","0.9"
"308","MOF水热合成-成本核算（2）","tech_doc","local_file","excel","MOF水热合成-成本核算（2）.xlsx","1","1","exact_title","0.9"
"309","MOFs产品开发方案","tech_doc","local_file","pdf","MOFs产品开发方案.pdf","1","1","exact_title","0.9"
"310","Web of Science 造纸文献清单","tech_doc","local_file","excel","wos_paper_and_pulp.xlsx","2","2","source_summary","0.9"
"311","造纸流程","tech_doc","local_file","ppt","造纸流程.pptx","1","1","exact_title","0.9"
"312","王熠赟（化学材料研究员）","tech_doc","local_file","pdf","【化学材料研究员_苏州 8-12K】yiyun.wang 1年.pdf","0","0","","0"
"313","王梦瑶（化学材料研究员）","tech_doc","local_file","pdf","【化学材料研究员（实验方向）_苏州 8-12K】王梦瑶 26年应届生(1).pdf","0","0","","0"
"314","毛思慧（化学材料研究员）","tech_doc","local_file","pdf","【化学材料研究员（实验方向）_苏州 8-12K】毛思慧 25年应届生(1).pdf","0","0","","0"
"315","早会-周会","tech_doc","local_file","pdf","早会-周会.pdf","1","1","exact_title","0.9"
"316","郑州环合生物医药有限公司销售合同","tech_doc","local_file","pdf","郑州环合-志特纪元260709(1).pdf","1","1","source_summary","0.9"
"317","Valorisation of Industrial Waste for Second-Generation Ethanol Production: Towards the Scale-Up of High-Solids Paper Sludge Fermentation","tech_doc","local_file","pdf","s12649-025-02962-5.pdf","1","3","source_summary|id_token","0.9"
"318","新建 Microsoft Word 文档","tech_doc","local_file","word","新建 Microsoft Word 文档.docx","1","1","exact_title","0.9"
"319","Advances in Nanocellulose-Based Composites for Sustainable Food Packaging","academic_paper","local_file","pdf","2025_food pakageing.pdf","3","3","source_summary|source_file_variant","0.9"
"320","Impact of Nano-Silica, Cationic Polyacrylamide, and Cationic Starch on Long Fiber Utilization in Recycled Paper Production","academic_paper","local_file","pdf","2025_geotechnical.pdf","3","3","source_summary|source_file_variant","0.9"
"321","Green Synthesis of Zinc Oxide Nanoparticles using Brown Algae on Oil Palm Empty Fruit Bunch Pulp and Paper Substrates: Effect of pH 6 to 8","academic_paper","local_file","pdf","2026_Decarbonization pathways.pdf","3","3","source_summary|source_file_variant","0.9"
"322","savedrecs 文献检索记录","data_standard","local_file","text","savedrecs.txt","4","4","source_summary|source_file_variant","0.9"
"323","METHOD FOR PREPARING 5-HYDROXYMETHYLFURFURAL","patent","local_file","pdf","US202418895254_METHOD FOR PREPARING 5-HYDROXYMETHYLFURFURAL.pdf","2","3","source_summary|fuzzy_title","0.9"
"324","论文标题清单（Year，Article Title）","data_standard","local_file","text","Year，Article Title.txt","2","2","source_summary","0.9"
"325","From black to green - A critical review of thermochemical valorization of black liquor","academic_paper","local_file","pdf","2025-ligini-dual.pdf","2","2","source_summary|source_file_variant","0.9"
"326","A mini-review on lignin isolation and modification based on sorbent materials with porous nature as demulsifier for oil/water separations","academic_paper","local_file","pdf","2025-lignin-oiland water separate-dual.pdf","2","2","source_summary|source_file_variant","0.9"
"327","Recent advances in generation of bioproducts from lignin: a comprehensive review","academic_paper","local_file","pdf","2025-lignin2-dual.pdf","2","2","source_summary|source_file_variant","0.9"
"328","Transparent Wood Fabrication and Applications: A Review","academic_paper","local_file","pdf","2025-Transparent wood-dual.pdf","2","2","source_summary|source_file_variant","0.9"
"332","橙皮成分、生物聚合物提取及其在造纸与包装领域的应用：综述","academic_paper","local_file","pdf","2025_ Orange peel composition-dual.pdf","3","3","source_summary|source_file_variant","0.9"
"333","Chimeric enzymes in the pulp and paper making industry: Current developments","academic_paper","local_file","pdf","2025_Chimeric enzymes-dual.pdf","3","3","source_summary|source_file_variant|pdf_title","0.9"
"351","CN201610046821.8_一种选择性制备1-羟基-2,5-己二酮及2,5-呋喃二甲醇的方法","patent","local_file","text","CN201610046821.8_一种选择性制备1-羟基-2,5-己二酮及2,5-呋喃二甲醇的方法.md","2","13","exact_title|fuzzy_title_low","0.9"
"352","材料组-实验采购记录与账本","data_standard","local_file","text","材料组-实验采购记录与账本.md","1","1","exact_title","0.9"
"353","CN201710768995.X_一种1,10-癸二酸的制备方法","patent","local_file","text","CN201710768995.X_一种1,10‑癸二酸的制备方法.md","2","14","normalized_title|fuzzy_title_low","0.9"
"354","CN201810321005.2_一种正辛醇酯及其正辛醇的制备方法","patent","local_file","text","CN201810321005.2_一种正辛醇酯及其正辛醇的制备方法.md","2","9","exact_title|fuzzy_title_low","0.9"
"355","PCTCN2025079285_一种呋喃二甲酸的制备方法及装置","patent","local_file","text","PCTCN2025079285_一种呋喃二甲酸的制备方法及装置.md","2","19","exact_title|fuzzy_title|fuzzy_title_low","0.9"
"356","savedrecs 文献检索记录","data_standard","local_file","text","savedrecs (2).md","4","4","source_summary|source_file_variant","0.9"
"367","CN201710451177.7_一种间羟基苯乙酮的制备方法","patent","local_file","text","CN201710451177.7_一种间羟基苯乙酮的制备方法.md","2","10","exact_title|fuzzy_title_low","0.9"
"368","Enzyme Technology in the Food Industry: Molecular Mechanisms, Applications, and Sustainable Innovations","academic_paper","local_file","text","2025-enzyme-food-dual.md","2","2","source_summary|source_file_variant","0.9"
"369","Decarbonization pathways for the pulp and paper industry: A comprehensive review","academic_paper","local_file","pdf","2025_Decarbonization pathways-dual.pdf","2","2","source_summary|source_file_variant","0.9"
"370","Advances in Nanocellulose-Based Composites for Sustainable Food Packaging","academic_paper","local_file","pdf","2025_food pakageing-dual.pdf","3","3","source_summary|source_file_variant","0.9"
"371","Impact of Nano-Silica, Cationic Polyacrylamide, and Cationic Starch on Long Fiber Utilization in Recycled Paper Production","academic_paper","local_file","pdf","2025_geotechnical-dual.pdf","3","3","source_summary|source_file_variant","0.9"
"372","Preparation and applications of nanoparticles from lignocellulosic biomass: A review","academic_paper","local_file","pdf","2025_lignocellulosic biomass-dual.pdf","2","2","source_summary|source_file_variant","0.9"